Name,URL,Cuisines,Area,Timing,Full_Address,PhoneNumber,IsHomeDelivery,isTakeaway,isIndoorSeating,isVegOnly,Dinner Ratings,Dinner Reviews,Delivery Ratings,Delivery Reviews,KnownFor,PopularDishes,PeopleKnownFor,AverageCost,latitudes,longitudes
Pawan Putra,https://www.zomato.com/kolkata/pawan-putra-kankurgachi,"North Indian, Chinese, Continental, Beverages, Desserts, Ice Cream","Kankurgachi, Kolkata",Opens at 12noon,"97, Phool Bagan, Hemchandra Naskar Road, Kankurgachi, Kolkata",919681000000,1,1,1,1,4.4,1262,4.1,2684,Vegetarian Delicacies!,"Shahi Malai Kofta, Kashmiri Naan, Corn Palak, Cheese Garlic Naan, Hot Gulab Jamun, Panner Tikka","Supportive Staff, Calm Ambience, New Look, Pocket Friendly Restaurant, Gastronomical Experience, Pure Veg",1000,22.578972450000002,88.39151741636809
Haju's Darbar,https://www.zomato.com/kolkata/hajus-darbar-esplanade,"Chinese, Rolls, Fast Food, Seafood","Esplanade, Kolkata",Opens at 12noon,"73, P15, Bentinck Street, Esplanade, Kolkata",913322000000,1,1,1,0,3.6,62,4.3,207,,,,700,22.563292,88.3503566
Yauatcha,https://www.zomato.com/kolkata/yauatcha-ballygunge,"Asian, Chinese, Cantonese","Quest Mall, Ballygunge, Kolkata",Opens at 12noon,"33, Level 5, Quest Mall, Syed Amir Ali Avenue, Ballygunge, Kolkata",919222000000,1,1,1,0,4.6,1988,4,333,,"Crispy Duck Roll, Raspberry Delice, Prawn Cheung Fun, Duck Salad, Chocolate Macaroon, Chocolate Hazelnut Mousse","Sophisticated, Lunch Menu, Worth the Price, Cover Charges, Classy Place, Classy Decor",2500,22.539025350000003,88.36570191241475
Flavours Of China,https://www.zomato.com/kolkata/flavours-of-china-park-street-area,"Chinese, North Indian, Mughlai, Asian","Park Street Area, Kolkata",Opens at 11:30am,"43, 47, 55, Park Street Area, Kolkata",913322000000,1,1,1,0,4.4,1455,4,2450,,"Singing Chicken, Tai Chi Chicken, Opposite Flurys, Double Fried Pork, Garlic Pepper Chicken, Fried Prawns","Good for Large Groups, Great Value, Family Restaurant, Prime Location, Chinese, Lovely Place",900,52.0855618,-0.7272059
Marhaba,https://www.zomato.com/kolkata/marhaba-dhakuria,"North Indian, Chinese","Dhakuria, Kolkata",Opens at 12noon,"26, Gariahat Road, Near Jodhpur Park Post Office, Dhakuria, Kolkata",919837000000,1,1,1,0,4,445,3.8,786,,"Chicken Peshwari Kebab, Chicken Lababdar, Papad, Firni, Raita, Butter Naan","Service and Quality of Food, Pocket Friendly Restaurant, Comfortable Seating Area, Themed Decor, Family Place, Fancy Crowd",700,22.5094085,88.371185
Asian Cloud Kitchen,https://www.zomato.com/kolkata/asian-cloud-kitchen-chowringhee,"Chinese, Thai, Asian","Chowringhee, Kolkata",12noon â€“ 2am (Today),"60/1, Chowringhee, Kolkata",919163000000,1,1,0,0,-,0,4.1,2316,,"Veg Green Thai Curry, Fish Thai, Kong Chicken, Chicken Curry, Pepper Chicken, Pork","Perfect Packaging, Nice Packaging, Spill Proof Packaging, Fast Delivery, Chinese, Packing",300,22.5597635,88.3504718
The Beanshot Cafe,https://www.zomato.com/kolkata/the-beanshot-cafe-lake-gardens,"Cafe, Continental, Italian, American, Coffee, Beverages, Desserts","Lake Gardens, Kolkata",Opens at 12noon,"166/C/416, Lake Gardens, Kolkata",918100000000,1,1,1,0,3.9,96,4.1,10,,"Baked Fish, Cappuccino, Burgers, Pasta","Instagramable, Coffee Date, Affordable, Ambience was Super Cool, Served Quickly, Best Food under Best Budget",700,22.5080547,88.3533289
The Wise Owl Steakhouse,https://www.zomato.com/kolkata/the-wise-owl-steakhouse-hindustan-park,"Steak, American, Italian","Hindustan Park, Kolkata",Opens at 12noon,"Rooftop, 66/2B, Purna Das Road, Hindustan Park, Kolkata",919831000000,1,1,0,0,3.2,711,3.9,2048,,"Beef Burger, Spaghetti Pasta, Cheesy Fries, Steak, Sunny Side, Mixed Sauce Pasta","Rooftop Ambience, Lightings, Good Options, Themed Decor, Serving Time, Gastronomical Experience",1000,22.5177017,88.3632073
Chhappan Bhog,https://www.zomato.com/kolkata/chhappan-bhog-theatre-road,"Street Food, Mishti","Theatre Road, Kolkata",Opens at 7:30am,"28B, Shakespeare Sarani, Ward 63, Theatre Road, Kolkata",919904000000,1,1,0,1,-,0,3.8,323,,,,50,22.5442409,88.3592663
Vanakkam,https://www.zomato.com/kolkata/vanakkam-maniktala,"South Indian, Street Food","Maniktala, Kolkata",Opens at 10:30am,"244 A, Vivekananda Road, Maniktala, Kolkata",919740000000,1,0,1,1,3.8,122,3.9,191,,,"Good Portions, Amazing Food, Polite Staff, Prompt Service, Food Quality, Ambience",300,22.5880896,88.3852834
Serafina,https://www.zomato.com/kolkata/serafina-ballygunge,"Italian, Pizza, Pasta, Desserts, Beverages","Quest Mall, Ballygunge, Kolkata",Opens at 12noon,"33, 5th Floor, Quest Mall, Syed Ali Amir Avenue, Ballygunge, Kolkata",913340000000,1,1,1,0,4.3,1158,3.8,878,Decor with dim lights & candle lit tables,"Mushroom Ravioli, Ginger Mojito, Spinach Ravioli, Gnocchi, Fried Calamari, Bruschetta","New Look, Relaxed Atmosphere, Ample Seating Area, New Menu, Art, Fancy Crowd",2700,22.539025350000003,88.36570191241475
Dawat-E-Zaiqa,https://www.zomato.com/kolkata/dawat-e-zaiqa-college-street,"North Indian, Biryani, Chinese, Pizza, Beverages","College Street, Kolkata","12midnight â€“ 3am, 11am â€“ 12midnight (Today)","115A, Raja Rammohan Sarani, Kolkata Municipal Corporation, College Street, Kolkata",918697000000,1,1,1,0,2.1,5,3.6,58,,,,500,22.5671979,88.3601304
6 Ballygunge Place,https://www.zomato.com/kolkata/6-ballygunge-place-chowringhee,"Bengali, Bangladeshi, Desserts, Beverages","Chowringhee, Kolkata",Opens at 12noon,"55 And 55/1, Chowringhee Road, Chowringhee, Kolkata",919073000000,1,1,1,0,-,3,4.2,66,,,,1500,22.5597635,88.3504718
The Wooden Spoon,https://www.zomato.com/kolkata/the-wooden-spoon-beliaghata,"Chinese, Rolls, North Indian, Seafood, Fast Food, Biryani","Beliaghata, Kolkata",Opens at 12noon,"B/46/A/H/4, Dr. Sureshchandra Banerjee Road, Beliaghata, Kolkata",918017000000,1,1,0,0,3.6,13,3.9,47,,,"Worth the Money, Timely Service, Great Portions, Delicious Food, Good Quality",450,22.5506557,88.40391715
Levanilla.in,https://www.zomato.com/kolkata/levanilla-in-1-kankurgachi,"Bakery, Desserts","Kankurgachi, Kolkata",,"P 212, Swami Swarupananda Sarani Scheme 6M, Kankurgachi, Kolkata",918962000000,1,0,0,0,-,0,4,52,,,,200,22.578972450000002,88.39151741636809
Urban Desi Tarka,https://www.zomato.com/kolkata/urban-desi-tarka-new-alipore,"North Indian, Mughlai, Chinese","New Alipore, Kolkata",Opens at 10:30am,"48, Ustad Amir Khan, Sarani, New Alipore, Kolkata",919903000000,1,1,0,0,-,0,3.6,46,,,,200,22.51116475,88.3281116098478
Chef Bite,https://www.zomato.com/kolkata/chef-bite-kasba,"Chinese, Fast Food","Kasba, Kolkata",,"171/C/1, Kasba, Kolkata",918240000000,1,0,0,0,-,0,3.8,315,,,"Low Price, Spill Proof Packaging, Timely Service, Food",150,22.5044355,88.3721663
Vadilal Ice Creams,https://www.zomato.com/kolkata/vadilal-ice-creams-taltala,Ice Cream,"Taltala, Kolkata",Opens at 10am,"19/11, Sil Lane, Borough -VII, Taltala, Kolkata",918240000000,1,1,0,0,-,0,-,0,,,,250,22.474209950000002,88.35512632362978
Mishti Ghor,https://www.zomato.com/kolkata/mishti-ghor-hindustan-park,"Mishti, Bengali, Desserts","Hindustan Park, Kolkata",Opens at 11am,"19/1A, Biplabi Ambika Chakraborty Sarani, Ward-086, Borough-VIII, Hindustan Park, Kolkata",919331000000,1,1,0,1,-,0,4.1,222,,,,150,22.5177017,88.3632073
Slice,https://www.zomato.com/kolkata/slice-ballygunge,"Bakery, Desserts","Ballygunge, Kolkata",,"13/10 A, Ground Floor, Anil Maitra Road, Ballygunge, Kolkata",917045000000,1,0,0,0,-,0,4,17,,,,300,22.5280337,88.3659084
Southern Pantry,https://www.zomato.com/kolkata/southern-pantry-chandni-chowk,South Indian,"Chandni Chowk, Kolkata",Opens at 10am,"1, B.N. Sarkar Sarani, Borough VI, Kolkata Municipal Corporation, Chandni Chowk, Kolkata",919831000000,1,1,0,1,-,0,4.2,107,,,"Extensive Menu, Great Portions, Worth the Money, Food, Taste",150,22.5640235,88.3608177
Ramanee,https://www.zomato.com/kolkata/ramanee-gariahat,"South Indian, Beverages","Gariahat, Kolkata",Opens at 8am,"P 559, Ward 086, Gariahat, Kolkata",919073000000,1,1,1,0,2.9,12,4.4,239,,,"Served Quickly, Ambiance, Experience, Packaging, Food",400,22.5196384,88.3656241
Tangra Kitchen,https://www.zomato.com/kolkata/tangra-kitchen-tangra,Chinese,"Tangra, Kolkata",Opens at 11am,"47, Ward 58, Gobinda Chandra Khatik Road, Tangra, Kolkata",919007000000,1,1,0,0,-,0,4.1,215,,,"Healthy and Delicious, Fresh Food with Good Quality, Worth the Money, Great Portions, Delicious Food, Quality",150,22.5565107,88.3795946
Eaterniaa,https://www.zomato.com/kolkata/eaterniaa-park-street-area,"Chinese, Italian, North Indian, Beverages, Seafood, Shake, Momos","Park Street Area, Kolkata",Opens at 11:30am,"Shop 4, 111, Ground Floor, Muzaffar Ahmed Street, Park Street Area, Kolkata",916291000000,1,1,1,0,4.2,445,3.8,5797,,"Chicken Nuggets, Milkshake, White Sauce Pasta, Chicken Steak, Chicken Momo, Noodle","Staff Communication, Cute Little Place, Inexpensive, Quiet Place, Simple Decor, Great Recommendations",500,52.0855618,-0.7272059
Credo Fashion Cafe,https://www.zomato.com/kolkata/credo-fashion-cafe-new-alipore,"Cafe, Fast Food, Beverages","New Alipore, Kolkata",Opens at 11am,"175, Block G, Near Bank Of Maharastra, New Alipore, Kolkata",917044000000,1,1,1,0,3.8,19,4,23,,,"Cooperative Staff, Served Quickly, Best Food under Best Budget, Cafe, Decor, Quality",250,22.51116475,88.3281116098478
Wrap Co.,https://www.zomato.com/kolkata/wrap-co-minto-park,"Healthy Food, Wraps, Italian","Minto Park, Kolkata",,"230-B, Ground Floor, AJC Bose Road, Minto Park, Kolkata",919164000000,1,0,0,0,-,0,3.4,161,,,,200,22.541947399999998,88.35471347839723
BJS Express,https://www.zomato.com/kolkata/bjs-express-hazra,"Chinese, North Indian, Fast Food, Rolls, Shake","Hazra, Kolkata",,"104/1A, Near 85 Lansdowne, Sarat Bose Road, Hazra, Kolkata",918335000000,1,1,0,0,3.9,8,4,512,,,"Fresh Food with Good Quality, Perfect Presentation, Extensive Menu, Great Portions, Worth the Money, Timely Service",300,22.5227232,88.3499241
Abdullah 16,https://www.zomato.com/kolkata/abdullah-16-1-picnic-garden,"North Indian, Chinese","Picnic Garden, Kolkata",Opens at 11am,"16F/1A, 1st Floor, Chandra Nath Roy Road, Picnic Garden, Kolkata",917439000000,1,1,0,0,-,0,3.9,50,,,,150,22.5259951,88.3892586
Bindass Restaurant,https://www.zomato.com/kolkata/bindass-restaurant-topsia,"North Indian, Street Food","Topsia, Kolkata",Opens at 7am,"1, Topsia Road-South, E.M. Bypass, Topsia, Kolkata",919038000000,1,1,1,0,2.9,85,3.4,885,,,,300,22.5418017,88.3869552
Rooftop Top View,https://www.zomato.com/kolkata/rooftop-top-view-elgin,"South Indian, Fast Food, Beverages, Desserts","Elgin, Kolkata",Opens at 10am,"4, 6th Floor, Vaibhav Shopping Mall, Lee Road, Elgin, Kolkata",919830000000,1,1,1,1,3.8,519,3.6,702,"Pizzas, dosas and cold coffees to enjoy in a wide open space","Dhaniya Dosa, Pav Bhaji, Masala Dosa, Ice Cream, Snacks","Good View, Great View, Beautiful View, Outdoor Seating Arrangement, Rooftop Ambience, Pocket Friendly Place",500,22.537374800000002,88.34756170104649
Sonamati Restaurant,https://www.zomato.com/kolkata/sonamati-restaurant-behala,"Biryani, Chinese, Kebab, North Indian, Seafood","Behala, Kolkata",Opens at 12noon,"282, Diamond Harbour Road, Near Sonamati Villa, Behala, Kolkata",919832000000,1,1,1,0,3.4,276,4,208,,"Sprite Chicken, Reshmi Butter Masala, Mixed Fried Rice, Drink","Not very Crowded, Bang for the Buck, Economical, Elegantly Decorated, Great Recommendations, Great Ambiance",550,22.501572,88.3209435
J.P. Pan Bhandar,https://www.zomato.com/kolkata/j-p-pan-bhandar-bara-bazar,Paan,"Bara Bazar, Kolkata",Opens at 7:30am,"15B, Kalakar Street, Bara Bazar, Kolkata",919831000000,1,1,0,0,-,0,4.2,295,,,,150,22.5801792,88.3528098
Mushroom,https://www.zomato.com/kolkata/mushroom-hatibagan,"Chinese, North Indian, Mughlai, Seafood","Hatibagan, Kolkata",Opens at 12noon,"54B, Avedananda Road, Hatibagan, Kolkata",913325000000,1,1,1,0,2.8,243,4.3,1321,,"Chilli Garlic Pepper Chicken, Tandoori Chicken, Mushroom, Noodles","Reasonable Price, Good Place, Nice Place, Prices, Good Food, Menu",600,22.5949572,88.3709282
Handa's Restaurant,https://www.zomato.com/kolkata/handas-restaurant-minto-park,"Chinese, Burger, Fast Food, Shake","Minto Park, Kolkata",Opens at 9am,"4, Gorkey Terrace, Kolkata Municipal Corporation, Minto Park, Kolkata",919007000000,1,1,1,0,3,113,3.7,4293,,,,400,22.541947399999998,88.35471347839723
3 Idiots Dhaba,https://www.zomato.com/kolkata/3-idiots-dhaba-picnic-garden,"North Indian, Chinese, Mughlai, Biryani","Picnic Garden, Kolkata",Opens at 12noon,"207A, Picnic Garden Road, Picnic Garden, Kolkata",919776000000,1,1,1,0,3.4,70,3.6,1366,,,,600,22.5259951,88.3892586
The Country House,https://www.zomato.com/kolkata/the-country-house-elgin,"Cafe, Italian, Continental, Fast Food, Desserts, Beverages","Elgin, Kolkata",Opens at 8am,"4C, Allenby Road, Near Forum Mall, Elgin, Kolkata",917044000000,1,1,1,0,4.3,1389,3.9,1158,,"Exotic Veggie Pizza, Watermelon Drink, Caramel Cold Coffee, Nutella Pancake, Fish and Chips, Chicken Tenders","Menu Choice, Quiet, Calm Ambience, Breakfast Menu, Pocket Friendly Restaurant, Beautiful Cafe",800,22.537374800000002,88.34756170104649
Zaairah,https://www.zomato.com/kolkata/zaairah-sector-1-salt-lake,"North Indian, Chinese, Mexican, Continental, Desserts, Beverages","Sector 1, Salt Lake, Kolkata",12noon â€“ 2am (Today),"EC-18, Sector 1, Salt Lake, Kolkata",916292000000,1,1,1,1,4.4,1660,4,355,,"Risotto Primavera, Matar Mushroom, Dak Makhani, Mac N Cheese, Paneer Lababdar, Schezwan Rice","Classy Interiors, Pure Veg, Relaxed Atmosphere, Ample Seating Area, Great Hospitality, Amazing Service",1000,22.57002545,88.43478465637821
One Step Up,https://www.zomato.com/kolkata/one-step-up-park-street-area,"Chinese, Asian, Continental, Italian, Desserts, Beverages","Park Street Area, Kolkata",Opens at 12noon,"18A, Park Street, Park Street Area, Kolkata",919830000000,1,1,1,0,4.3,1783,4.2,2421,Stepping up the city's Continental offerings,"Chicken Tropicana, Warm Chicken Salad, Chicken Facon Du Chef, Herby Chicken Fingers, Chicken Paprika, Cocktail Prawn","Good Food Good Quality, Good View, Comfortable Seating, Simple Decor, Good Options, Cozy Ambience",1000,52.0855618,-0.7272059
Giani's,https://www.zomato.com/kolkata/gianis-elgin,"Ice Cream, Desserts, Beverages","Elgin, Kolkata",Opens at 9am,"28/1, Allenby Road, Near Northern Park TMC Office Gate, Elgin, Kolkata",918911000000,1,1,1,1,-,1,3.8,146,,,,400,22.537374800000002,88.34756170104649
HÃ¤agen Dazs,https://www.zomato.com/kolkata/hÃ¤agen-dazs-ballygunge,"Ice Cream, Desserts, Coffee","Quest Mall, Ballygunge, Kolkata",Opens at 11am,"33, Ground Floor, Quest Mall, Syed Ali Amir Avenue, Ballygunge, Kolkata",918337000000,1,1,1,0,4,203,4.5,276,,"Belgian Hot Chocolate, Raspberry Sorbet, Cookies, Ice Creams, Brownie, Dessert","Table Service, Staff, Ambience, Taste",400,22.539025350000003,88.36570191241475
Home Slice,https://www.zomato.com/kolkata/home-slice-new-alipore,Italian,"New Alipore, Kolkata",,"386, Ground Floor, Block G, New Alipore, Kolkata",919164000000,1,0,0,0,-,0,4.2,1380,Earlier as Pomodoro.,"Whole Wheat Pizza, Pizzas, Thin Crust Pizza, Sauce","Fresh Ingredients, Packing, Worth the Money, Flavour, Quality, Food",400,22.51116475,88.3281116098478
Prity's Kitchen,https://www.zomato.com/kolkata/pritys-kitchen-ballygunge,"Chinese, Momos, Thai","Ballygunge, Kolkata",Opens at 11:30am,"11 Ustad Bade Golamali Khan Sarani, Borough 7, Kolkata Municipal Corporation, Ballygunge, Kolkata",917278000000,1,1,1,0,3.5,82,3.8,2400,,,"Prices, Quantity, Value for Money, Food",400,22.5280337,88.3659084
Eat Good Food,https://www.zomato.com/kolkata/eat-good-food-ballygunge,"Healthy Food, Salad, Continental, Desserts","Ballygunge, Kolkata",Opens at 11:30am,"19A, Tarak Dutta Road, Ballygunge, Kolkata",919830000000,1,1,1,0,4,397,4,1066,,"Burrito, Smoothie, Spaghetti, Mojito, Dessert, Drink","Healthy Options, Healthy Food, Cozy Ambience, Family Place, Concept, Customer Service",600,22.5280337,88.3659084
Mama Mia! NMCO Natural Milkshake Company,https://www.zomato.com/kolkata/mama-mia-nmco-natural-milkshake-company-beliaghata,Beverages,"Beliaghata, Kolkata",,"3/1/1, Ground Floor, K G Bose Sarani, Main Road, Beliaghata, Kolkata",918334000000,1,0,0,0,-,0,3.9,1,,,,200,22.5506557,88.40391715
Simply Corn,https://www.zomato.com/kolkata/simply-corn-ballygunge,Fast Food,"Quest Mall, Ballygunge, Kolkata",Opens at 10:15am,"33, Basement, Spencers, Quest Mall, Syed Ali Amir Avenue, Ballygunge, Kolkata",916290000000,1,1,0,1,-,0,4,43,,,,100,22.539025350000003,88.36570191241475
Aalamir,https://www.zomato.com/kolkata/aalamir-esplanade,"North Indian, Mughlai, Chinese, Bengali","Esplanade, Kolkata",Opens at 11am,"184/1B, Lenin Sarani, Near Tipu Sultan Mosque, Esplanade, Kolkata",918241000000,1,1,1,0,4,253,3.9,1432,,"Chicken Tandoori Thali, Chicken Kebab Platter, Mutton Thali, Firni, Chicken Tikka, Chicken Bharta","Good Quality Food, Delicious Food, Quantity, Ambience, Service, Taste",400,22.563292,88.3503566
Golden City,https://www.zomato.com/kolkata/golden-city-sector-3-salt-lake,Chinese,"Sector 3, Salt Lake, Kolkata",Opens at 11:30am,"FD-30, A/2, Sector 3, Salt Lake, Kolkata",913324000000,1,1,1,0,2.6,247,4.2,294,,,"Live Sports Screening, Portions, Crowd, Good Place, Nice Place, Good Food",1000,22.5708433,88.41104103863965
The Sushi Oke,https://www.zomato.com/kolkata/the-sushi-oke-new-alipore,"Japanese, Sushi, Thai","New Alipore, Kolkata",,"Ground Floor, Plot no 146, 19/7 Block J, New Alipore, Kolkata",919831000000,1,0,0,0,-,0,3.4,659,Serving up sushi for the Indian palette,,"Main Course, Prices, Spicy, Staff, Good Food, Quality",300,22.51116475,88.3281116098478
Banzara,https://www.zomato.com/kolkata/banzara-jadavpur,"North Indian, Chinese, Mughlai, Kebab","Jadavpur, Kolkata",Opens at 12noon,"86, Ibrahimpur Road, Jadavpur, Kolkata",913325000000,1,1,1,0,4,1379,4.3,124,,"Mutton Maharaja, Mushroom Rice, Dhania Chicken, Spring Chicken, Gravy Chowmein, Chicken 65","Price Vs Portion Ratio, Quantity of Portion, Good for Large Groups, Comfortable Seating Area, Family Restaurant, Friendly Place",600,22.495499,88.3709006
Pair A Dice,https://www.zomato.com/kolkata/pair-a-dice-park-street-area,"Mexican, Asian, Shake, Italian, Desserts, Coffee","Park Street Area, Kolkata",Opens at 11:30am,"11, Royd Street, Ward 63, Park Street Area, Kolkata",080 47483201,1,1,1,1,3.8,56,4,12,,,"Board Games, Ambience was Super Cool, Good Wifi, Low Price, Concept, Family Crowd",1200,52.0855618,-0.7272059
Taste And Aroma,https://www.zomato.com/kolkata/taste-and-aroma-kasba,"North Indian, Chinese, Beverages","Kasba, Kolkata",,"2nd Floor, 27th KN Sen Road, Mangalchandi Bhawan, Near Kasba Vidhan Setu, Kasba, Kolkata",919904000000,1,0,0,0,-,0,3.9,55,,,,100,22.5044355,88.3721663
Yoga Bowl,https://www.zomato.com/kolkata/yoga-bowl-1-hazra,"Salad, Healthy Food","Hazra, Kolkata",,"22, Ritchie Road, Hazra, Kolkata",918337000000,1,0,0,0,-,0,3.9,421,,"Classic Chicken Sandwich, Grilled Paneer, Kadhai Paneer, Veg Sandwich, Grilled Chicken, Sweet Corn Soup","Tamper Proof Packaging, Healthy Food, Food Packaging, Fast Delivery, Good Price, Best Food",150,22.5227232,88.3499241
Royal Biryani & Fast Food,https://www.zomato.com/kolkata/royal-biryani-fast-food-dhakuria,"Biryani, North Indian","Dhakuria, Kolkata",Opens at 11:59am,"177, Sarat Ghosh, Garden Road, Dhakuria, Kolkata",919063000000,1,1,0,0,-,0,-,27,,,,100,22.5094085,88.371185
Dreamy Dessert,https://www.zomato.com/kolkata/dreamy-dessert-1-kidderpore,"Bakery, Desserts","Kidderpore, Kolkata",,"42/H/8, Ekbalpore Lane, Kidderpore, Kolkata",917981000000,1,0,0,0,-,0,-,2,,,,350,22.53538,88.3206094
Nishav's Kitchen,https://www.zomato.com/kolkata/nishavs-kitchen-2-picnic-garden,"Chinese, Biryani, Rolls, Momos","Picnic Garden, Kolkata",,"1B/3 Kustia Road, Picnic Garden, Kolkata",918445000000,1,0,0,0,-,0,4,20,,,,100,22.5259951,88.3892586
Truffoline,https://www.zomato.com/kolkata/truffoline-1-tollygunge,"Bakery, Desserts","Tollygunge, Kolkata",Opens at 8am,"88, Basanta Lal Saha Road, Tollygunge, Kolkata",918241000000,1,1,0,0,-,0,3.9,68,,,,100,22.498636,88.3453908
Calcutta 23,https://www.zomato.com/kolkata/calcutta-23-1-kidderpore,"Fast Food, Chinese","Kidderpore, Kolkata",Opens at 2pm,"130, Karl Marx Sarani, Kidderpore, Kolkata",919748000000,1,1,1,0,3.5,30,4,80,,,"Fantastic Decoration, Clean and Hygienic Place, Nice Concept, Served Quickly, Best Food under Best Budget, Customizable Food",400,22.53538,88.3206094
Vantus,https://www.zomato.com/kolkata/vantus-shyam-bazar,"North Indian, Chinese","Shyam Bazar, Kolkata",Opens at 11am,"52, Bhupen Bose Avenue, Shyam Bazar, Kolkata",917439000000,1,1,1,0,3.7,10,-,9,,,"Worth the Money, Timely Service, Cafe, Great Portions, Delicious Food, Staff",300,22.5979916,88.3694857
Chowology,https://www.zomato.com/kolkata/chowology-hazra,"Chinese, Thai, Seafood, Asian, Mangalorean, Cantonese","Hazra, Kolkata",,"22, Ritchie Road, Hazra, Kolkata",918337000000,1,0,0,0,-,0,4.1,530,,"Chilli Paneer Dry, Chicken Meal, Chilli Garlic Chicken, Veg Soup, Manchow Soup, Chicken Soup","Perfect Packaging, Contactless Delivery, Tamper Proof Packaging, Best Quality, Healthy Food, Fast Delivery",200,22.5227232,88.3499241
Bangla Box By Kasturi,https://www.zomato.com/kolkata/bangla-box-by-kasturi-1-gariahat,Bengali,"Gariahat, Kolkata",,"Ward - 86, 11A Dover Lane, Borough - 8, Municipal Corporation, Gariahat, Kolkata",918335000000,1,0,0,0,-,0,-,5,,,,250,22.5196384,88.3656241
It's Just Wings,https://www.zomato.com/kolkata/its-just-wings-ballygunge,"American, Fast Food","Quest Mall, Ballygunge, Kolkata",,"33, 4th Floor, Quest Mall, Syed Ali Amir Avenue, Ballygunge, Kolkata",919831000000,1,0,0,0,-,0,3.3,61,,,"Cheap and Affordable, Healthy and Delicious, Best Food under Best Budget, Worth the Money, Great Portions, Taste",350,22.539025350000003,88.36570191241475
Nandalal Sweets,https://www.zomato.com/kolkata/nandalal-sweets-1-picnic-garden,Mishti,"Picnic Garden, Kolkata",Opens at 8am,"1J/1, Kustia Road, Near Kustia Park, Picnic Garden, Kolkata",917278000000,1,1,0,0,-,0,3.7,201,,,"Fair Prices, Healthy and Delicious, Fresh Food with Good Quality, Tamper Proof Packaging, Best Food under Best Budget, Great Portions",100,22.5259951,88.3892586
Fusion Of China,https://www.zomato.com/kolkata/fusion-of-china-kasba,"Chinese, Biryani, Kebab","Kasba, Kolkata",Opens at 12noon,"5, Block D, Sarada Pally South Twenty Four Parganas, Basanti, Kasba, Kolkata",913323000000,1,1,0,0,-,0,3.5,1401,,,"Yummy Food, Cute Packaging, Proper Packaging, Great Portions, Worth the Money, Timely Service",150,22.5044355,88.3721663
Binge Bae-Fi-Kar,https://www.zomato.com/kolkata/binge-bae-fi-kar-prince-anwar-shah-road,"Healthy Food, Sandwich, Salad, Continental","Prince Anwar Shah Road, Kolkata",Opens at 8am,"26, Prince Anwar Shah Road, Kolkata",918697000000,1,1,1,0,3.6,27,3.7,465,,,"Customizable Food, Elaborate Menu, Worth the Money, Fresh Food, Good Quality, Experience",600,22.502181,88.3625686
Laiba Biryani Center,https://www.zomato.com/kolkata/laiba-biryani-center-wellesley,Biryani,"Wellesley, Kolkata",Opens at 11:30am,"B21/H/11, Alimuddin Street, Wellesley, Kolkata",918421000000,1,1,0,0,-,0,-,0,,,"Cute Packaging, Extensive Menu, Food Presentation, Awesome Food, Worth the Money, Timely Service",100,22.5558499,88.3571668
Pabrai's Fresh And Naturelle Ice Cream,https://www.zomato.com/kolkata/pabrais-fresh-and-naturelle-ice-cream-girish-park,"Desserts, Ice Cream, Beverages","Girish Park, Kolkata",,"64, Vivekanada Road, Girish Park, Kolkata",919830000000,1,0,0,0,-,0,4,32,,,,100,22.5871445,88.3629415
Deli Cravings,https://www.zomato.com/kolkata/deli-cravings-minto-park,"Continental, Burger, Italian, Salad","Minto Park, Kolkata",12noon â€“ 10:30am (Today),"225/2, A.J.C. Bose Road, Minto Park, Kolkata",918421000000,1,1,1,0,4.2,859,4.1,3061,,"Classic Chicken Steak, Virgin Pina Colada, Hot Pot, Berry Blast, Mozzarella Sticks, Chicken Roulade","Gastronomical Experience, Good Price, Cosy Place, View, Decent Place, Excellent Service",800,22.541947399999998,88.35471347839723
Sharma Tea Shop,https://www.zomato.com/kolkata/sharma-tea-shop-2-ballygunge,Street Food,"Ballygunge, Kolkata",,"20/1, Ashutosh Chowdhury Avenue, Ballygunge, Kolkata",919804000000,1,0,0,0,-,0,3.6,37,,,,100,22.5280337,88.3659084
Cake N Cooki,https://www.zomato.com/kolkata/cake-n-cooki-topsia,Bakery,"Topsia, Kolkata",Opens at 11am,"56/15, Topsia Road South, Topsia, Kolkata",919832000000,1,1,0,0,-,0,4,46,,,,50,22.5418017,88.3869552
95 Degree,https://www.zomato.com/kolkata/95-degree-new-alipore,"Cafe, Continental, Fast Food, Italian, Beverages, Bakery, Salad","New Alipore, Kolkata",Opens at 11:30am,"36, Pramatha Chowdhury Sarani, New Alipore, Kolkata",919831000000,1,1,1,0,3.9,172,4,519,,"Nasi Goreng, Cheesecake, Chicken Burger, Brownie, Cakes, Coffee","Friendly Staff Loved it, Variety of Pizza, Inexpensive, Food Menu, Good Wifi, Best Food under Best Budget",600,22.51116475,88.3281116098478
The Brewing Leaf,https://www.zomato.com/kolkata/the-brewing-leaf-hindustan-park,"Beverages, Sandwich, Continental","Hindustan Park, Kolkata",7am â€“ 2am (Today),"19/1A, Biplabi Ambika Chakraborty Sarani, Ward-086, Borough-VIII, Hindustan Park, Kolkata",919331000000,1,1,0,0,-,0,3.8,767,,,,200,22.5177017,88.3632073
SFC Food Funda,https://www.zomato.com/kolkata/sfc-food-funda-ballygunge,"Burger, Fast Food","Ballygunge, Kolkata",Opens at 12noon,"B/2A/H/12, Tijala Lane, Ballygunge, Kolkata",918821000000,1,1,0,0,-,0,3.7,3237,,,,100,22.5280337,88.3659084
Burrito Raja,https://www.zomato.com/kolkata/burrito-raja-lake-market-area,Mexican,"Lake Market Area, Kolkata","12midnight â€“ 4:30am, 10am â€“ 12midnight (Today)","18A, Parasar Road, Lake Market Area, Kolkata",919874000000,1,1,0,0,-,0,4.1,392,,,,250,22.51637855,88.34872333799815
The Combo Co.,https://www.zomato.com/kolkata/the-combo-co-chowringhee,"North Indian, Chinese, Thai","Chowringhee, Kolkata",12noon â€“ 2am (Today),"60/1 Chowringee Road, Chowringhee, Kolkata",919831000000,1,1,0,0,-,0,4.3,277,,,,200,22.5597635,88.3504718
Cantonese Restaurant,https://www.zomato.com/kolkata/cantonese-restaurant-jadavpur,"Chinese, Thai, Seafood, Cantonese","Jadavpur, Kolkata",12noon â€“ 11:30pm (Today),"7, 1st Floor, Raja S.C. Mullick Road, Near Jadavpur University, Jadavpur, Kolkata",917044000000,1,1,1,0,4.3,590,4.3,1330,,"Succulent Pork, Prawn Chip, Thai Chilli Chicken, Prawn Wafers, Pot Rice, Chilli Wine Fish","Affordable Food, Ample Seating Area, Quality of Food, Cozy, More Variety, Waiting Time",650,22.495499,88.3709006
Calcutta Pi,https://www.zomato.com/kolkata/calcutta-pi-jodhpur-park,"Bengali, North Indian","Jodhpur Park, Kolkata",Opens at 12noon,"390A, Jodhpur Park, Kolkata ",917596000000,1,1,1,0,4.2,395,4,1701,,"Chicken Peshawari, Dimer Devil, Kasha Mangsho, Gondhoraj Chicken, Daab Chingri, Authentic Bengali Food","Themed Decor, Gastronomical Experience, Family Place, Host, Staff Behavior, Packed on Weekends",800,22.5056055,88.363674
Bakeflake Deli,https://www.zomato.com/kolkata/bakeflake-deli-kasba,"Continental, Mediterranean, Middle Eastern, American, Mexican, Salad, Fast Food, Italian","Kasba, Kolkata",,"1G, 1st Floor, Natore Park, Ward 67, Kasba, Kolkata",919875000000,1,0,0,0,-,0,4.2,243,,,,350,22.5044355,88.3721663
House Of Candy,https://www.zomato.com/kolkata/house-of-candy-prince-anwar-shah-road,Desserts,"South City Mall, Prince Anwar Shah Road, Kolkata",Opens at 10:30am,"3rd Floor, South City Mall, Prince Anwar Shah Road, Kolkata",919052000000,1,1,0,0,-,0,4,10,,,,200,22.50158425,88.36170995908432
Star Zoya Biryani,https://www.zomato.com/kolkata/star-zoya-biryani-bow-bazar,"Biryani, North Indian","Bow Bazar, Kolkata",Opens at 12:30pm,"58/1, Nirmal Chandra Street, Bow Bazar, Kolkata",919608000000,1,1,1,0,3.6,102,4,5192,,,"Good Quality, Quantity, Price, Food",300,22.576213,88.3660201
Shree Ganpati Sweets,https://www.zomato.com/kolkata/shree-ganpati-sweets-lake-gardens,"Finger Food, Mishti, North Indian, Mithai","Lake Gardens, Kolkata",Opens at 8:30am,"48/5A, Purna Chandra Mitra Lane, Near Swiss Park, Lake Gardens, Kolkata",919675000000,1,1,0,1,-,0,3.8,136,,,,300,22.5080547,88.3533289
The Fat Little Penguin,https://www.zomato.com/kolkata/the-fat-little-penguin-ballygunge,"Ice Cream, Desserts","Ballygunge, Kolkata",Opens at 11am,"11C, Palm Avenue, Opposite Mahadevi Birla School, Ballygunge, Kolkata",919655000000,1,1,0,0,-,0,3.5,181,,"Ice Cream Sandwiches, Dark Chocolate Ice Cream, Ice Creams, Icecream","Proper Packaging, Cute Packaging, Worth the Money, Great Portions, Customizable Food, Good Quality",200,22.5280337,88.3659084
@49,https://www.zomato.com/kolkata/49-maniktala,"Chinese, North Indian, Bengali","Maniktala, Kolkata",Opens at 12noon,"116, Vivekananda Road, Near YMCA Hostel, Maniktala, Kolkata",918337000000,1,1,1,0,4.3,1533,3.7,1870,,"Mutton Kolhapuri, Chicken Tikka Gravy, Keema Pulao, Murg Makhani, Mutton Rogan, Thai Chicken","Balcony Seating, Rooftop Dining, Rooftop Seating, Chirpy Crowd, Rooftop Ambience, Bang for the Buck",900,22.5880896,88.3852834
Royal China,https://www.zomato.com/kolkata/royal-china-elgin,"Chinese, Cantonese, Asian, Seafood, Desserts","Elgin, Kolkata",Opens at 12noon,"10/3, 4th Floor, Forum Courtyard, Elgin Road, Near Elgin, Kolkata",913340000000,1,1,1,0,4,237,4,340,,"Black Pepper Lamb, Dimsums, Lamb, Sauce, Chicken","Perfect Presentation, Family Crowd, Good Wifi, Vibe, Elaborate Menu, Worth the Money",1500,22.537374800000002,88.34756170104649
Firangi Bake,https://www.zomato.com/kolkata/firangi-bake-alipore,"Italian, Mexican, Fast Food","Alipore, Kolkata",,"Premises 2, Ground Floor, Agrawal House, Ward 75, Munshi Premchand Road, Alipore, Kolkata",917710000000,1,0,0,0,-,0,4.3,124,,,,250,22.5264928,88.3323692
Biryani Corner,https://www.zomato.com/kolkata/biryani-corner-lake-market-area,"Biryani, Chinese","Lake Market Area, Kolkata",Opens at 10am,"86 A, Rashbehari Avenue, Lake Market Area, Kolkata",913365000000,1,1,0,0,-,0,4.3,721,,,,100,22.51637855,88.34872333799815
Brother's Snacks,https://www.zomato.com/kolkata/brothers-snacks-1-wellesley,"Fast Food, Chinese","Wellesley, Kolkata",Opens at 10am,"1, Near New Empire Cinema Building, Wellesley, Kolkata",918335000000,1,1,1,0,-,1,-,3,,,,300,22.5558499,88.3571668
Sip & Sandwich,https://www.zomato.com/kolkata/sip-sandwich-chowringhee,"Sandwich, Burger, Wraps, Beverages","Chowringhee, Kolkata",Opens at 9:30am,"1, Shakesphare Sarani, AC Market, Chowringhee, Kolkata",919748000000,1,1,0,0,-,0,3.7,2229,,"Corn Sandwich, Mixed Sauce Pasta, Sandwiches, Burgers","Prices, Worth the Money, Delicious Food, Good Food, Menu, Staff",100,22.5597635,88.3504718
Fantastic Food Story,https://www.zomato.com/kolkata/fantastic-food-story-girish-park,"North Indian, Chinese, Fast Food, Beverages, Desserts","Girish Park, Kolkata",Opens at 11am,"48, Vivekananda Road, Girish Park, Kolkata",919832000000,1,1,1,0,4,361,4,5990,,"Jeera Rice, Malai Kofta, Masala Dosa, Dal Makhani, Hakka Noodles","Cordial Staff, Relaxed Atmosphere, Family Restaurant, Family Crowd, Awesome Food, Tasty Food",850,22.5871445,88.3629415
The Bikers Cafe,https://www.zomato.com/kolkata/the-bikers-cafe-elgin,"Italian, American, Continental, Desserts","Elgin, Kolkata",Opens at 8am,"31, Lala Lajpat Rai Sarani, Kolkata Municipal Corporation, Elgin, Kolkata",919675000000,1,1,1,0,4.4,3510,4.1,2309,The rustic ambiance with the biker feel to it,"Potato Potholes, Basil Bruschetta, Fruit Crepe, French Benedict, Strawberry Waffle, Kiwi Mocktail","Breakfast Joint, Wooden Interiors, Different Ambience, Live Band, Cool Decor, Free Wifi",1100,22.537374800000002,88.34756170104649
Bombay Brasserie,https://www.zomato.com/kolkata/bombay-brasserie-ballygunge,"North Indian, Modern Indian, Tea","Quest Mall, Ballygunge, Kolkata",Opens at 11:30am,"33, 5th Floor, Quest Mall, Syed Ali Amir Avenue, Ballygunge, Kolkata",919073000000,1,1,1,0,4.4,1518,4.1,809,Indian desserts served in style!,"Chur Chur Parantha, Amritsari Kulfa, Dumpukht Biryani, Salli Chicken, Prawn Koliwada, Soda Sikhanji","Bright Lights, Classy Decor, Live Kitchen, Classy Ambience, New Menu, Soothing Ambience",1900,22.539025350000003,88.36570191241475
Chinese Wall,https://www.zomato.com/kolkata/chinese-wall-shyam-bazar,"Chinese, Fast Food, Seafood","Shyam Bazar, Kolkata",Opens at 12noon,"2, Shibdas Bhadur Street, Fariapukur, Shyam Bazar, Kolkata",919883000000,1,1,0,0,3.2,153,3.9,3447,,"Chicken Kaviraji, Paneer Pakora, Fish Chilli, Fried Rice","Casual Seating Area, Good Crowd, Great Recommendations, Reasonable Prices, Owner, Packing",500,22.5979916,88.3694857
Food Station,https://www.zomato.com/kolkata/food-station-bow-bazar,"North Indian, Chinese, Continental, South Indian, Fast Food, Beverages","Bow Bazar, Kolkata",Opens at 10am,"52/1/1A, Near Medical College, Bow Bazar, Kolkata",913322000000,1,1,1,0,4.2,1173,4.2,1770,,"Tai Pai Chicken, Chicken Wonton, Lat Mai Kai, Chicken Lasagna, Chicken Stroganoff, Combo Meals","Good Pricing, Free Wifi, Light Music, Themed Decor, Great Value, Cozy",1000,22.576213,88.3660201
Spicy Alley,https://www.zomato.com/kolkata/spicy-alley-bow-bazar,"North Indian, Chinese, Fast Food, Rolls, Beverages","Bow Bazar, Kolkata",,"5A, Indian Mirror Street, Ward Number 51, Bow Bazar, Kolkata",919831000000,1,0,0,0,-,0,-,7,,,,100,22.576213,88.3660201
Snack On Sushi,https://www.zomato.com/kolkata/snack-on-sushi-ballygunge,"Sushi, Asian","Ballygunge, Kolkata",Opens at 12noon,"3/2, Baman Para Lane, Ballygunge, Kolkata",919904000000,1,1,1,0,3.7,8,4.3,78,,,"Pretty Cafe, Food Presentation, Worth the Money, Timely Service, Delicious Food, Great Portions",400,22.5280337,88.3659084
Pizza Huts,https://www.zomato.com/kolkata/pizza-huts-picnic-garden,"Pizza, Chinese, Sandwich, Beverages","Picnic Garden, Kolkata",,"30/2, Kustia Masjid Bari Lane, Picnic Garden, Kolkata",919008000000,1,0,0,0,-,0,-,6,,,,300,22.5259951,88.3892586
Big Phil's,https://www.zomato.com/kolkata/big-phils-bow-bazar,"North Indian, Biryani","Bow Bazar, Kolkata",Opens at 12noon,"14, BB Ganguly Street, Near West Bengal Consultancy Organisation, Bow Bazar, Kolkata",917597000000,1,1,1,0,3.6,20,-,11,,,,500,22.576213,88.3660201
Banjara,https://www.zomato.com/kolkata/banjara-taltala,"North Indian, Chinese, Mughlai","Taltala, Kolkata",Opens at 12noon,"15, Mirza Ghalib Street, Taltala, Kolkata",918336000000,1,1,1,0,3.4,10,-,8,,,"Attentive Servers, Good Food Good Quality, Attitude, Fresh Food, Staff",700,22.474209950000002,88.35512632362978
Oriental Heritage,https://www.zomato.com/kolkata/oriental-heritage-tangra,Chinese,"Tangra, Kolkata",,"119/A/1, Matheswartola Road, Tangra, Kolkata",917440000000,1,0,0,0,-,0,-,6,,,,250,22.5565107,88.3795946
Nisha's Bakery & Kitchen,https://www.zomato.com/kolkata/nishas-bakery-kitchen-shyam-bazar,"Chinese, Wraps, Fast Food","Shyam Bazar, Kolkata",,"585, Rabindra Sarani, Baghazar, Shyam Bazar, Kolkata",919831000000,1,0,0,0,-,0,4.3,68,,,"Tasty Appetizers, Great Veg Options, Healthy and Delicious, Fresh Food with Good Quality, Mouth Watering Food, Best Food under Best Budget",200,22.5979916,88.3694857
Hot Flavourish,https://www.zomato.com/kolkata/hot-flavourish-tangra,"Bakery, Fast Food","Tangra, Kolkata",Opens at 11am,"35/1, Christopher Road, Tangra, Kolkata",919073000000,1,1,0,0,-,0,-,2,,,,200,22.5565107,88.3795946
Chata Chati,https://www.zomato.com/kolkata/chata-chati-gariahat,"Street Food, Fast Food","Gariahat, Kolkata",Opens at 11am,"23/51, Gariahat, Kolkata",919932000000,1,1,0,0,-,0,3.7,63,,,,150,22.5196384,88.3656241
Pyare Kabab,https://www.zomato.com/kolkata/pyare-kabab-topsia,"Kebab, BBQ","Topsia, Kolkata",Opens at 11:55am,"59C, Block E, Ground Floor, Gulam Jilani Khan Road, Topsia, Kolkata",919903000000,1,1,0,0,-,0,4.3,74,,,,300,22.5418017,88.3869552
The Kunal's Kitchen,https://www.zomato.com/kolkata/the-kunals-kitchen-tollygunge,"Fast Food, Sandwich","Tollygunge, Kolkata",,"48/21/1, Purna Chandra Mitra Lane, Swiss Park, Near Swiss Park Nursing Home, Tollygunge, Kolkata",918586000000,1,0,0,0,-,0,4,60,,,,100,22.498636,88.3453908
Desi Chinese,https://www.zomato.com/kolkata/desi-chinese-picnic-garden,Chinese,"Picnic Garden, Kolkata",,"143/84, Ward -D66 Picnic Garden Road, Kolkata",916290000000,1,0,0,0,-,0,-,7,,,,100,22.5259951,88.3892586
Swad Sadan,https://www.zomato.com/kolkata/swad-sadan-1-picnic-garden,South Indian,"Picnic Garden, Kolkata",Opens at 8:30am,"187A, Picnic Garden, Kolkata",919820000000,1,1,1,0,3.3,6,4,34,,,,250,22.5259951,88.3892586
My Froyoland,https://www.zomato.com/kolkata/my-froyoland-elgin,"Frozen Yogurt, Ice Cream, Shake","Elgin, Kolkata",Opens at 11am,"5A/1A, Lord Sinha Road, Near Exide More, Elgin, Kolkata",918101000000,1,1,1,0,3.5,20,-,16,,,"Self Service, Concept, Customizable Food, Prices, Good Quality, Experience",300,22.537374800000002,88.34756170104649
North East Kitchen,https://www.zomato.com/kolkata/north-east-kitchen-golpark,"Tibetan, North Eastern","Golpark, Kolkata",Opens at 11:30am,"57F, Purna Das Road, Golpark, Kolkata",917004000000,1,1,0,0,-,0,4.1,109,,,"Worth the Money, Extensive Menu, Food Presentation, Timely Service, Great Portions, Delicious Food",150,22.513432100000003,88.40174450550997
Kwality Wallâ€™s Frozen Dessert and Ice Cream Shop,https://www.zomato.com/kolkata/kwality-walls-frozen-dessert-and-ice-cream-shop-kestopur,"Ice Cream, Desserts","Kestopur, Kolkata",,"17A, Kavi Bharati Sarani, Lake Road, Ward 87, Kestopur, Kolkata",919837000000,1,0,0,0,-,0,4.6,224,,,,100,22.5837959,88.4351768
Abdul Hadi Biryani,https://www.zomato.com/kolkata/abdul-hadi-biryani-picnic-garden,Biryani,"Picnic Garden, Kolkata",,"45, Kustia Road, Picnic Garden, Kolkata",919330000000,1,1,1,0,-,1,-,10,,,,200,22.5259951,88.3892586
Bhikharam Chandmal Grandsons,https://www.zomato.com/kolkata/bhikharam-chandmal-grandsons-park-street-area,"Desserts, Mishti","Park Street Area, Kolkata",Opens at 8am,"46 C, Rafi Ahmed Kidwai Road, Park Street Area, Kolkata",919331000000,1,1,1,1,3.6,41,3.6,377,,,,200,52.0855618,-0.7272059
Tara's Kitchen,https://www.zomato.com/kolkata/taras-kitchen-ballygunge,Bengali,"Ballygunge, Kolkata",Opens at 9am,"18/6, Jamir Lane, Near Besco Company, Ballygunge, Kolkata",919749000000,1,1,0,0,-,0,3.6,1565,,,"Yummy Food, Healthy Food, Best Food, Combos, Awesome Food, Reasonable Price",150,22.5280337,88.3659084
Petuk Kolkata,https://www.zomato.com/kolkata/petuk-kolkata-hatibagan,"Chinese, North Indian","Hatibagan, Kolkata",Opens at 12noon,"118, Raja Dinendra Street, Hatibagan, Kolkata",919830000000,1,1,0,0,-,0,3.9,10100,,,"Great for Birthdays, Weekend Brunch, Good Taste, Reasonable Price, Great Portions, Good Food",150,22.5949572,88.3709282
Inch By The Lane,https://www.zomato.com/kolkata/inch-by-the-lane-1-new-alipore,Chinese,"New Alipore, Kolkata",Opens at 12noon,"651A, Block 0, Ground Floor, 50 Ullaskar Dutta Sarani, New Alipore, Kolkata",918101000000,1,1,0,0,-,0,-,15,,,,200,22.51116475,88.3281116098478
The Burger Shop ,https://www.zomato.com/kolkata/the-burger-shop-lake-market-area,"Burger, Fast Food, Continental, Beverages","Lake Market Area, Kolkata",,"69C, Rash Behari Avenue, Lake Market Area, Kolkata",919831000000,1,0,0,0,-,0,4.3,219,,"Spaghetti, Burgers, Meat, Fries","Proper Packaging, Portion Size, Worth the Money, Great Portions, Timely Service, Taste",300,22.51637855,88.34872333799815
The Day Room Cafe,https://www.zomato.com/kolkata/the-day-room-cafe-hindustan-park,"Cafe, Thai, Italian, Continental, Desserts, Beverages","Hindustan Park, Kolkata",Opens at 10am,"52D, Hindustan Park, Kolkata",919950000000,1,1,1,0,3.5,77,-,10,,,"Great Place for Family, Best in Service, Cheap and Affordable, Excellent Location, Served Quickly, Fair Prices",1000,22.5177017,88.3632073
Sweet Tooth,https://www.zomato.com/kolkata/sweet-tooth-lake-market-area,"Bakery, Desserts, Fast Food","Lake Market Area, Kolkata",Opens at 10:30am,"30C, Kavi Bharati Sarani, Ward 087, Borough, Lake Market Area, Kolkata",919074000000,1,1,0,0,-,0,-,0,,,,100,22.51637855,88.34872333799815
Saptapadi,https://www.zomato.com/kolkata/saptapadi-behala,Bengali,"Behala, Kolkata",Opens at 11:30am,"26/1, Biren Roy Road, Ward 123, Behala, Kolkata",917909000000,1,1,1,0,-,0,-,0,,,"Great Place for Family, Comforting Atmosphere, Delicious Food, Timely Service, Experience",500,22.501572,88.3209435
The Taste Of India,https://www.zomato.com/kolkata/the-taste-of-india-tollygunge,"North Indian, Mughlai","Tollygunge, Kolkata",Opens at 11am,"101, Tollygunge Circular Road, Tollygunge, Kolkata",918241000000,1,1,0,0,-,0,4.1,70,,,,100,22.498636,88.3453908
Just For Foodies,https://www.zomato.com/kolkata/just-for-foodies-new-alipore,"South Indian, Fast Food, Beverages","New Alipore, Kolkata",Opens at 7am,"22, Hari Prasad Sastri Sarani, New Alipore, Kolkata",919967000000,1,1,1,0,-,3,-,12,,,,300,22.51116475,88.3281116098478
Ather Biryani,https://www.zomato.com/kolkata/ather-biryani-taltala,Biryani,"Taltala, Kolkata",12noon â€“ 2am (Today),"20, Abdul Halim Lane, Taltala, Kolkata",918334000000,1,1,1,0,3.2,40,4,1232,,,,200,22.474209950000002,88.35512632362978
TBC Bowlz,https://www.zomato.com/kolkata/tbc-bowlz-gariahat,"Fast Food, Chinese, Continental, Beverages","Gariahat, Kolkata",,"37/1, Purna Das Road, Gariahat, Kolkata",916289000000,1,0,0,0,-,0,4.1,244,,,,200,22.5196384,88.3656241
Aajisai,https://www.zomato.com/kolkata/aajisai-2-park-circus-area,"Japanese, Sushi","Quest Mall, Ballygunge, Kolkata",Opens at 12noon,"33, 5th Floor, Quest Mall, Syed Ali Amir Avenue, Park Circus Area, Kolkata",919837000000,1,1,1,0,4.1,509,4.2,418,,"Spicy Salmon Roll, Tuna Nigiri, Chicken Teppanyaki, Maki Roll, Wasabi Ice Cream, Prawn Sushi","Live Kitchen, Comfortable Seating Area, Relaxed Atmosphere, Themed Decor, Servings, Courteous Staff",1600,22.539025350000003,88.36570191241475
Grill Star Chef,https://www.zomato.com/kolkata/grill-star-chef-golpark,Chinese,"Golpark, Kolkata",,"3 E/35H/14, Keyatala Road, 3 Lake Colony, Golpark, Kolkata",919801000000,1,0,0,0,-,0,3.9,45,,,,250,22.513432100000003,88.40174450550997
Punjabi Fusion,https://www.zomato.com/kolkata/punjabi-fusion-new-alipore,"North Indian, Fast Food","New Alipore, Kolkata",Opens at 11am,"31/3, Sahapur Colony, New Alipore, Kolkata",919875000000,1,1,0,1,-,0,3.5,231,,,,150,22.51116475,88.3281116098478
Gharer Khaber,https://www.zomato.com/kolkata/gharer-khaber-2-topsia,"Bengali, North Indian","Topsia, Kolkata",,"7/1C, Rai Charan Pal Lane, Gobra, Topsia, Kolkata",918910000000,1,0,0,0,-,0,3.4,108,,,,100,22.5418017,88.3869552
Rising Bun,https://www.zomato.com/kolkata/rising-bun-kankurgachi,Bakery,"Kankurgachi, Kolkata",Opens at 10am,"10B, Haramohan Ghosh Lane, Kankurgachi, Kolkata",918296000000,1,1,0,0,-,0,4,14,,,,250,22.578972450000002,88.39151741636809
Burger Ground,https://www.zomato.com/kolkata/burger-ground-kasba,"Burger, Fast Food, Beverages, Continental","Kasba, Kolkata",Opens at 2pm,"59 A, KN Sen Road, Kasba, Kolkata",918618000000,1,1,0,0,-,0,3.8,510,,,"Worth the Money, Great Portions, Fresh Food, Good Quality",250,22.5044355,88.3721663
Crust & Core,https://www.zomato.com/kolkata/crust-core-new-alipore,"Bakery, Fast Food, Beverages","New Alipore, Kolkata",Opens tomorrow at 12noon,"19/3, Pitambar Ghatak Lane, Chetla, New Alipore, Kolkata",919876000000,1,1,0,0,3.8,27,-,10,,,"Staff Behaviour, Cafe, Price, Service, Food",350,22.51116475,88.3281116098478
Topsia Biryani House,https://www.zomato.com/kolkata/topsia-biryani-house-topsia,Biryani,"Topsia, Kolkata",Opens at 11:58am,"4/C, Topsia Road, Topsia, Kolkata",919332000000,1,1,1,0,3.1,4,3.7,95,,,,200,22.5418017,88.3869552
Artsy,https://www.zomato.com/kolkata/artsy-1-minto-park,"Healthy Food, Sandwich, Beverages, Coffee, Cafe, Desserts, Italian, Salad","Minto Park, Kolkata",Opens at 8am,"230/B, AJC Bose Road, Minto Park, Kolkata",919164000000,1,1,1,0,4.4,1154,4.5,308,,"Mushroom Pate, Vietnamese Iced Coffee, Fluffy Omelette, Continental Breakfast, Eggs Benedict, Cappuccino","Amazing Food at Amazing Price, Decor was Nice, Calm Ambience, Beautiful Cafe, Comfortable Seating, Art",800,22.541947399999998,88.35471347839723
Fatty Mamma Chinese Restaurant,https://www.zomato.com/kolkata/fatty-mamma-chinese-restaurant-tollygunge,"Chinese, Thai, Seafood","Tollygunge, Kolkata",Opens at 12noon,"4, Russa Road South, 2nd Lane, Tollygunge, Kolkata",919083000000,1,1,1,0,3.8,48,4,123,,"Toffee Banana, Pork Ribs, Prawns, Starters, Noodles, Chicken","Chinese Restaurant, Best Food under Best Budget, Seating Arrangement, Hospitality, Environment, Family Crowd",1200,22.498636,88.3453908
The Platform Cafe,https://www.zomato.com/kolkata/the-platform-cafe-girish-park,"Fast Food, Beverages, Cafe, Shake","Girish Park, Kolkata",Opens at 10am,"14/2B, Beadon Street, Hedua, Girish Park, Kolkata",916292000000,1,1,1,0,3.7,26,-,10,,,"Cooperative Staff, Excellent Location, Fantastic Decoration, Very Affordable, Served Quickly, Clean and Hygienic Place",300,22.5871445,88.3629415
Tribe,https://www.zomato.com/kolkata/tribe-golpark,"Cafe, Salad, Desserts, Continental, Fast Food, Beverages, Shake","Golpark, Kolkata",Opens at 11am,"67, Ballygunge Gardens, Golpark, Kolkata",917044000000,1,1,1,0,4.2,520,4.2,110,,"Chicken Xacuti, Chicken Stroganoff, Grilled Chicken, Salads, Chocolate, Chips","Books Books and Books, Artistic Ambience, Bookshelf, Decor is Excellent, Board Games, Beautiful Cafe",600,22.513432100000003,88.40174450550997
Eurasia Kitchen,https://www.zomato.com/kolkata/eurasia-kitchen-maniktala,"North Indian, Continental, Asian, Beverages, Desserts","Maniktala, Kolkata",,"20, Vidyasagar Street, Maniktala, Kolkata",919830000000,1,0,0,0,-,0,3.5,105,,,"Contactless Delivery, Delicious Taste, Mouth Watering Food, Tamper Proof Packaging, Best Food under Best Budget, Great Portions",250,22.5880896,88.3852834
With Love Brownie,https://www.zomato.com/kolkata/with-love-brownie-gariahat,Bakery,"Gariahat, Kolkata",Opens at 11am,"49, Southend Park, Gariahat, Kolkata",919052000000,1,1,0,1,-,0,4.4,206,,,,250,22.5196384,88.3656241
Kim Li Loi,https://www.zomato.com/kolkata/kim-li-loi-tangra,"Chinese, Seafood","Tangra, Kolkata",,"56, Matheswartala Road, Tangra, Kolkata",919830000000,1,1,1,0,3.6,33,4,507,,,,1000,22.5565107,88.3795946
Shakahari Pure Veg Indian,https://www.zomato.com/kolkata/shakahari-pure-veg-indian-elgin,North Indian,"Elgin, Kolkata",Opens at 11am,"8A, 3rd Floor, Dr Sisir Kumar Bose Sarani, Allenby Road, Elgin, Kolkata",919124000000,1,1,1,0,-,0,4,72,,,,1050,22.537374800000002,88.34756170104649
Riyasat,https://www.zomato.com/kolkata/riyasat-jodhpur-park,"North Indian, Beverages, Desserts","Jodhpur Park, Kolkata",Opens at 11:30am,"1/504, Ground Floor, Gariahat Road (South), Ward No-93, Jodhpur Park, Kolkata",919831000000,1,1,1,0,-,0,4.4,106,,,"Prices, Quantity, Service, Food, Packaging, Taste",1200,22.5056055,88.363674
Makhan Lal Das & Sons,https://www.zomato.com/kolkata/makhan-lal-das-sons-girish-park,"Mishti, Desserts, Street Food","Girish Park, Kolkata",Opens at 7am,"313, Rabindra Sarani, Near Shobha Bazar, Girish Park, Kolkata",913326000000,1,1,0,1,-,0,4,306,,,,50,22.5871445,88.3629415
Biryani 4U,https://www.zomato.com/kolkata/biryani-4u-2-picnic-garden,"Chinese, Korean, Momos","Picnic Garden, Kolkata",,"69/1, Tiljala Road, Picnic Garden, Kolkata",919074000000,1,0,0,0,-,0,3.9,37,,,,300,22.5259951,88.3892586
Wise Owl-The Coffee Shop,https://www.zomato.com/kolkata/wise-owl-the-coffee-shop-hindustan-park,"Cafe, Continental, Fast Food","Hindustan Park, Kolkata",Opens at 7:30am,"66/2B, Purna Das Road, Hindustan Park, Kolkata",913341000000,1,1,1,0,3.9,2311,4.1,940,"A meeting point for young and old, alike","Prawn Croquettes, Mushroom Maggi, Sandwich Platter, Frittata, Avalanche, Chocolate Dessert","Budget Food, Outside Seating, Breakfasts, Outdoor Area, Outdoor Sitting, Pretty Place",1000,22.5177017,88.3632073
Caffeine N Carburetors,https://www.zomato.com/kolkata/caffeine-n-carburetors-minto-park,"Pizza, Italian, Continental, European, Chinese, Thai, South Indian, North Indian","Minto Park, Kolkata",Opens tomorrow at 12noon,"6, 1st and 2nd Floor, Picasso Bithi, Minto Park, Kolkata",919830000000,1,1,1,0,3.8,77,3.5,46,,,"Great Place for Family, Awesome Spot to Hangout, Comforting Atmosphere, Concept, Hospitality, Portion Size",1000,22.541947399999998,88.35471347839723
Club Kolkata Mixtape,https://www.zomato.com/kolkata/club-kolkata-mixtape-elgin,"Continental, North Indian, Chinese","Elgin, Kolkata",Opens at 12noon,"8A, 4th Floor, Allenby Road, Elgin, Kolkata",918777000000,1,1,1,0,4.3,764,3.5,40,,"Coconut Pancake, Shisha, Mud Pie, Tandoori Chicken, Dimsums, Mocktail","Shisha is Great, Good Food and Services, Dj was Amazing, Rooftop Section, Quick Serving, Service is Great",1200,22.537374800000002,88.34756170104649
Prity's Kitchen,https://www.zomato.com/kolkata/pritys-kitchen-picnic-garden,"Chinese, Tibetan, Thai","Picnic Garden, Kolkata",Opens at 11:30am,"93A, Dr GS Bose Road, Picnic Garden, Kolkata",917278000000,1,1,0,0,-,0,4.3,1784,,,"Quick Delivery, Delicious Food, Good Food, Quality, Packaging, Service",200,22.5259951,88.3892586
Pepper Chino,https://www.zomato.com/kolkata/pepper-chino-1-paddapukur,"North Indian, Continental, Chinese, Desserts","Paddapukur, Kolkata",Opens at 12noon,"Shop 35, Paddapukur, Kolkata",917005000000,1,1,1,0,4.3,876,4,4386,,"Tawa Paneer, Dragon Rolls, Classic Margarita, Chicken Yakitori, Cheesy Chicken, Bhuna Mutton","Loved it, Comfortable Seating, Food Menu, Warm Welcome, Best Service, Reasonable Rate",1200,22.50502445,88.30295777651463
Ar-Han-Thai,https://www.zomato.com/kolkata/ar-han-thai-esplanade,"North Indian, Chinese, Fast Food","Esplanade, Kolkata",Opens at 11am,"31, Bentinck Street, Esplanade, Kolkata",919831000000,1,1,1,0,3.2,34,-,6,,,,500,22.563292,88.3503566
Icy Fusion,https://www.zomato.com/kolkata/icy-fusion-elgin,"Ice Cream, Desserts, Beverages","Elgin, Kolkata",10am â€“ 2am (Today),"18/1, Sarat Bose Road, Elgin, Kolkata",919124000000,1,1,0,1,4.3,525,4.2,305,,"Ferrero Fudge, Chocolate Delight, Ferrero Rocher, Sundae, Ice Creams, Icecream","Cordial Staff, Pocket Friendly, Concept, Quick Service, Courteous Staff, Presentation",300,22.537374800000002,88.34756170104649
Juices & More,https://www.zomato.com/kolkata/juices-more-ballygunge,"Juices, Beverages, Shake","Quest Mall, Ballygunge, Kolkata",Opens at 11:30am,"33, Floor 4, Quest Mall, Syed Amir Ali Avenue, Ballygunge, Kolkata",919073000000,1,0,1,0,3,67,3.6,89,,,,300,22.539025350000003,88.36570191241475
Chin Wah,https://www.zomato.com/kolkata/chin-wah-chandni-chowk,"Chinese, Seafood","Chandni Chowk, Kolkata",Opens at 11am,"2A, Temple Street, Princep Street, Chandni Chowk, Kolkata",913322000000,1,1,1,0,3.9,187,4.2,555,Serving authentic chinese since ages.,"Sliced Chilli Pork, Hot Pepper Chicken, Meat Ball Soup, Chicken Momo, Crispy Chicken, Garlic Chicken","Good for Large Groups, Family Place, Service Time, Chinese, Owner, Preparation",600,22.5640235,88.3608177
Trincas,https://www.zomato.com/kolkata/trincas-park-street-area,"Chinese, North Indian, Continental, Beverages, Desserts","Park Street Area, Kolkata",Opens at 11:30am,"17, Park Street Area, Kolkata",918240000000,1,1,1,0,4.2,1585,4.1,450,Quality ambiance and mouth-watering delicacies,"Shrimp Cocktail, Chicken Ala Kiev, Chicken Stroganoff, Beer, Fish Fingers, Starter","Live Band Music, Live Singing, Singer, Classy Place, Soothing Ambience, Good Value",700,52.0855618,-0.7272059
Aaheli - The Peerless Inn,https://www.zomato.com/kolkata/aaheli-the-peerless-inn-new-market-area,Bengali,"The Peerless Inn, Esplanade, Kolkata",Opens at 12noon,"The Peerless Inn 12, Jawaharlal Nehru Road, New Market Area, Kolkata",919832000000,1,0,1,0,4.1,717,-,2,Bangaliana at it's best!!,"Daab Chingri, Jumbo Prawns, Authentic Bengali Food, Sweet Dish, Mutton Kasha, Thali","Bengali Music, Sophisticated, Worth the Price, Live Music, Staff Service, Great Value",4000,22.5624378,88.3515712538766
Red Hot Chilli Pepper,https://www.zomato.com/kolkata/red-hot-chilli-pepper-ballygunge,"Chinese, Asian","Ballygunge, Kolkata",Opens at 1pm,"26/2, Ballygunge Circular Road, Ballygunge, Kolkata",913340000000,1,1,1,0,4.1,466,4,890,Chinese at it's best,"Manchow Soup, Pork, Starters, Noodles, Fish","Excellent Food, Main Course, Best Place, Preparation, Interior, Good Ambience",1700,22.5280337,88.3659084
Marco Polo,https://www.zomato.com/kolkata/marco-polo-park-street-area,"Bengali, North Indian, Chinese, Beverages, Seafood, Continental, Desserts","Park Street Area, Kolkata",Opens at 12noon,"24, Park Centre Building, Park Street Area, Kolkata",919163000000,1,1,1,0,4.4,1869,4,23,Soothing ambiance that goes really well with the food,"Prawn Thermidor, Ice Cream Sandwich, Creme Caramel, Spaghetti Bolognese, Grilled Bhetki, Lamb Chops","Classy Decor, Spacious Interiors, Classy Ambience, Good Options, Courteous Service, Reasonable Rate",1400,52.0855618,-0.7272059
Fung Fa,https://www.zomato.com/kolkata/fung-fa-tangra,Chinese,"Tangra, Kolkata",Opens at 1pm,"119/A/1, Matheshwartala Road, Tangra, Kolkata",919837000000,1,1,1,0,3.3,90,4.2,148,,,"Family Place, Parking, Portions, Ambiance, Food Quality, Quantity",700,22.5565107,88.3795946
Port 15,https://www.zomato.com/kolkata/port-15-sector-1-salt-lake,"North Indian, Continental, Chinese","Sector 1, Salt Lake, Kolkata",Opens at 12noon,"CB-15, Sector 1, Salt Lake, Kolkata",919831000000,1,1,1,0,4,280,4.3,49,,,"Amazing Food, Theme, Concept, Family Crowd, Staff Behaviour, Waiter",1000,22.57002545,88.43478465637821
Cake Point,https://www.zomato.com/kolkata/cake-point-beliaghata,Bakery,"Beliaghata, Kolkata",Opens at 10am,"10A, Haramohan Ghosh Lane, Beliaghata, Kolkata",917980000000,1,1,1,0,3,29,4.3,191,,,,400,22.5506557,88.40391715
Express By Mavericks Cafe,https://www.zomato.com/kolkata/express-by-mavericks-cafe-paddapukur,"Fast Food, North Indian, Beverages, Shake","Paddapukur, Kolkata",10am â€“ 2am (Today),"32/1A, Chakraberia Road South, Paddapukur, Kolkata",918241000000,1,1,1,1,3.7,29,4,175,,,,400,22.50502445,88.30295777651463
Celebration,https://www.zomato.com/kolkata/celebration-beliaghata,"Bakery, Fast Food","Beliaghata, Kolkata",Opens at 10am,"76, Hem Chandra Naskar Road, Beliaghata, Kolkata",919831000000,1,1,0,0,-,0,4,39,,,,300,22.5506557,88.40391715
Bingo Cakes,https://www.zomato.com/kolkata/bingo-cakes-kankurgachi,"Bakery, Desserts","Kankurgachi, Kolkata",Opens at 8am,"6 D, Surah, 2nd Lane, Phoolbagan, Near Kadapara Petrol Pump, Kankurgachi, Kolkata",919830000000,1,1,0,0,-,1,3.9,172,,,,500,22.578972450000002,88.39151741636809
Olivia's Kitchen,https://www.zomato.com/kolkata/olivias-kitchen-jadavpur,"Continental, Fast Food, Finger Food","Jadavpur, Kolkata",Opens at 1pm,"G/9, Bapujinagar, Jadavpur, Kolkata",917440000000,1,1,0,0,-,0,4.3,258,,,"Fresh Food with Good Quality, Worth the Money, Great Portions, Food",350,22.495499,88.3709006
Cafe Na-Ru-Meg,https://www.zomato.com/kolkata/cafe-na-ru-meg-lake-market-area,"Cafe, Continental, Chinese","Lake Market Area, Kolkata",Opens at 8am,"56A, Raja Basanta Ray Road, Lake Market Area, Kolkata",916290000000,1,1,1,0,4.2,544,4.2,53,,"Harissa Chicken, Pesto Pasta, Cappuccino, Mocktails, Shake, Brownie","Ambiance is Great, Awsome Food Quality, Trained Staff, Indoor Seating, Beautiful Cafe, Hygienic Place",500,22.51637855,88.34872333799815
The Loop Cafe & Restaurant,https://www.zomato.com/kolkata/the-loop-cafe-restaurant-kankurgachi,"North Indian, Chinese, Fast Food, Italian, Continental","Kankurgachi, Kolkata",Opens at 7:30am,"103/3, J. K. House, N.M Road, Kankurgachi, Kolkata",918421000000,1,1,1,0,3.7,51,4.2,131,,,"Cooperative Staff, Sanitised Service, Comforting Atmosphere, Served Quickly, Nice Concept, Good Quality Food",1000,22.578972450000002,88.39151741636809
Noodle Time,https://www.zomato.com/kolkata/noodle-time-park-street-area,"Chinese, Momos, Seafood","Park Street Area, Kolkata",Opens at 12noon,"94A, Ripon Street, Park Street Area, Kolkata",918421000000,1,1,1,0,3.8,221,4,3831,,,"Good Food, Price, Packaging, Quantity",400,52.0855618,-0.7272059
Leafy Affaire The Cafe,https://www.zomato.com/kolkata/leafy-affaire-the-cafe-park-street-area,"Salad, Italian, Healthy Food, Mexican, Beverages","Park Street Area, Kolkata",Opens at 11:30am,"10 B, Sarani, Park Street Area, Kolkata",919686000000,1,1,1,0,3.9,91,4.3,400,,,"Sit and Read, Variety of Pizza, Healthy Food, Cafe, Tasty, Owner",700,52.0855618,-0.7272059
China Whites,https://www.zomato.com/kolkata/china-whites-gariahat,"Chinese, North Indian, Momos","Gariahat, Kolkata",Opens at 12noon,"14/6, 2nd Floor, Gariahat Road, Opposite Appollo, Gariahat, Kolkata",919831000000,1,1,1,0,3.9,1462,4,456,Open Air Seating To Satisfy Cravings for Drinks And Food,"Chicken Konjee, Date Pancakes, Whole Bhetki, Chicken Hakka Chow, Fried Prawns, Pan Fried Noodles","Rooftop Seating Arrangement, Hookah Lovers, Rooftop Ambience, Serving Size, Soothing Music, Cool Place",1000,22.5196384,88.3656241
Santosh Sweets,https://www.zomato.com/kolkata/santosh-sweets-new-alipore,"Mishti, Street Food","New Alipore, Kolkata",Opens at 8am,"P-65/1, Block O, New Alipore, Kolkata",919831000000,1,1,0,1,-,0,3.5,47,,,,50,22.51116475,88.3281116098478
Chopstick,https://www.zomato.com/kolkata/chopstick-ballygunge,"Chinese, Seafood","Ballygunge, Kolkata",Opens at 11am,"7/3, Mandeville Garden, Near ITI, Ballygunge, Kolkata",919837000000,1,1,1,0,2.6,120,3.6,1792,,,,650,22.5280337,88.3659084
Paris Cafe,https://www.zomato.com/kolkata/paris-cafe-gariahat,"Cafe, Italian, Bakery, Desserts, Coffee, Beverages","Gariahat, Kolkata",Opens at 9am,"13/10A, Ground Floor, Anil Maitra Road, Gariahat, Kolkata",917440000000,1,1,1,0,4.1,1072,4.2,854,A hint of Paris in Kolkata!,"Cheese Panini, Panini Sandwich, Cream Shake, Nutella Crepe, Macaroon, Red Velvet Cakes","Cute Ambience, Pretty Place, Beautiful Decor, Chair, Soft Music, Cosy Place",1000,22.5196384,88.3656241
Crossroad Crystal,https://www.zomato.com/kolkata/crossroad-crystal-golpark,"Bengali, Chinese","Golpark, Kolkata",Opens at 11am,"129, Southern Avenue, Golpark, Kolkata",919904000000,1,1,1,0,3.7,202,3.7,105,,"Chowmein, Momos, Chilli Chicken, Fried Rice","Comfortable Seating Area, Owner, Tasty Food, Portions, Location, Reasonable Price",700,22.513432100000003,88.40174450550997
Food King,https://www.zomato.com/kolkata/food-king-wellesley,"Chinese, Rolls, Mangalorean","Wellesley, Kolkata",,"90/1, Ground Floor, Muzaffar Ahmed Street, Ward 62, Wellesley, Kolkata",919831000000,1,1,0,0,-,0,3.9,13300,,,,150,22.5558499,88.3571668
Bagicha,https://www.zomato.com/kolkata/bagicha-hatibagan,"Chinese, North Indian, Mughlai, Bengali, Kebab","Hatibagan, Kolkata",Opens at 12noon,"25, Shyampukur Street, Hatibagan, Kolkata",913326000000,1,1,1,0,3.9,795,4.4,624,,"Mutton Rara, Kabuli Naan, Mutton Handi, Chicken Tikka Masala, Malai Kofta, Chicken Tandoori","Comfortable Seating Area, Gastronomical Experience, Relaxed Atmosphere, Servings, Best Restaurant, Family Place",600,22.5949572,88.3709282
Campari,https://www.zomato.com/kolkata/campari-gariahat,"Rolls, Fast Food","Gariahat, Kolkata",Opens at 4pm,"155B, Rash Behari Avenue, Gariahat, Kolkata",919875000000,1,1,0,0,-,0,4.5,2443,Good food at best prices!,"Fish Roll, Fish Fries, Chicken Roll, Rolls, Fish Fingers, Snacks","Takeaway, Good Quality Food, Reasonable Price, Tasty, Value for Money, Quantity",100,22.5196384,88.3656241
Express Meals,https://www.zomato.com/kolkata/express-meals-tangra,"Sandwich, Beverages","Tangra, Kolkata",,"10/1/1A, Gobinda Khatick Road, Tangra, Kolkata",919831000000,1,0,0,0,-,0,-,0,,,,100,22.5565107,88.3795946
Kwality Wallâ€™s Frozen Dessert and Ice Cream Shop,https://www.zomato.com/kolkata/kwality-walls-frozen-dessert-and-ice-cream-shop-1-tollygunge,"Ice Cream, Desserts","Tollygunge, Kolkata",,"11, Ward 89, Deshpran Shasmal Road, Borough X, Tollygunge, Kolkata",918241000000,1,0,0,0,-,0,4.6,229,,,,100,22.498636,88.3453908
Aala Biryani House,https://www.zomato.com/kolkata/aala-biryani-house-taltala,"Biryani, North Indian","Taltala, Kolkata",Opens at 12noon,"30, Ripon Street, Taltala, Kolkata",917980000000,1,1,0,0,-,0,3.9,144,,,,50,22.474209950000002,88.35512632362978
The Junkyard,https://www.zomato.com/kolkata/the-junkyard-shyam-bazar,"Chinese, Fast Food, Beverages","Shyam Bazar, Kolkata",Opens at 10:30am,"38B, Ramakanto Bose Road, Near Shyam Bazar Metro, Shyam Bazar, Kolkata",918018000000,1,1,1,0,3.9,64,4.2,203,,,"Reasonably Priced Food, Great Food Great Taste, Nice Concept, Ambience was Super Cool, Served Quickly, Mouth Watering Food",450,22.5979916,88.3694857
The Royal Mint Cafe & Lounge,https://www.zomato.com/kolkata/the-royal-mint-cafe-lounge-hatibagan,"North Indian, Chinese, Fast Food, Desserts, Beverages","Hatibagan, Kolkata","12midnight â€“ 4am, 12noon â€“ 12midnight (Today)","8/3B, North KMC, Waor 60, Hatibagan, Kolkata",918583000000,1,1,1,0,-,0,-,0,,,,400,22.5949572,88.3709282
The Food King,https://www.zomato.com/kolkata/the-food-king-beliaghata,"Chinese, Momos","Beliaghata, Kolkata",,"1/1/9, Dr Panchanan Mitra Lane, Beliaghata, Kolkata",916291000000,1,0,0,0,-,0,-,0,,,,150,22.5506557,88.40391715
The Big Burgers,https://www.zomato.com/kolkata/the-big-burgers-picnic-garden,"Burger, Sandwich, Beverages, Pizza, Fast Food","Picnic Garden, Kolkata",,"30/2, Kustiya Masjid, Bari Lane, Picnic Garden, Kolkata",919008000000,1,0,0,0,-,0,-,0,,,,100,22.5259951,88.3892586
Hunger Meals,https://www.zomato.com/kolkata/hunger-meals-jodhpur-park,"North Indian, Mughlai","Jodhpur Park, Kolkata",Opens at 12noon,"213, Jodhpur Garden, Jodhpur Park, Kolkata",919330000000,1,1,0,0,-,0,-,0,,,,100,22.5056055,88.363674
The Irish House,https://www.zomato.com/kolkata/the-irish-house-ballygunge,"Italian, Continental","Quest Mall, Ballygunge, Kolkata",Opens at 12noon,"33, 5th Floor, Quest Mall, Syed Ali Amir Avenue, Ballygunge, Kolkata",919073000000,1,1,1,0,4.5,3898,3.8,50,,"Dual Chocolate Torte, Drunken Mushrooms, Headless Chicken Platter, Draft Beer, Beer Cocktail, Sweet Potato Fries","Best Pub, Peppy Music, Happy Hour Offers, Awesome Music, Wooden Interiors, Cool Music",1900,22.539025350000003,88.36570191241475
Ronit Dhaba,https://www.zomato.com/kolkata/ronit-dhaba-hatibagan,"North Indian, Seafood","Hatibagan, Kolkata",Opens at 7am,"49/3, Ramdulal Sarkar Street, Hatibagan, Kolkata",918778000000,1,1,1,0,3.4,21,3.2,920,,,,300,22.5949572,88.3709282
Chows And Rolls,https://www.zomato.com/kolkata/chows-and-rolls-shyam-bazar,"Chinese, Biryani","Shyam Bazar, Kolkata",Opens at 11:30am,"21A, Bhupendra Bose Avenue, Shyambazar, Hati Bagan, Shyam Bazar, Kolkata",919832000000,1,1,0,0,-,0,3.8,328,,,,100,22.5979916,88.3694857
Pancha Banjan,https://www.zomato.com/kolkata/pancha-banjan-hatibagan,Bengali,"Hatibagan, Kolkata",,"52, Durga Charan Mitra Street, Ward 17, Kolkata Municipal, Corporation, Hatibagan, Kolkata",919063000000,1,0,0,0,-,0,-,8,,,,100,22.5949572,88.3709282
New Arsalan Biryani House,https://www.zomato.com/kolkata/new-arsalan-biryani-house-2-shyam-bazar,Biryani,"Shyam Bazar, Kolkata",Opens at 12noon,"Near Khudiram Statue, Bagh Bazar Street, Shyam Bazar, Kolkata",919151000000,1,1,1,0,-,0,-,5,,,,250,22.5979916,88.3694857
Dimsum Station,https://www.zomato.com/kolkata/dimsum-station-hatibagan,"North Indian, Chinese","Hatibagan, Kolkata",Opens at 12noon,"108, Aurobindo Sarani, 4 Point Crossing, Near Star Theatre, Hatibagan, Kolkata",919830000000,1,1,1,0,3.1,27,4,116,,,,200,22.5949572,88.3709282
Mother Kitchen,https://www.zomato.com/kolkata/mother-kitchen-shobha-bazar,Bengali,"Shobha Bazar, Kolkata",,"5, Nather Bagan Street, Shobha Bazar, Kolkata",919904000000,1,0,0,0,-,0,3.1,195,,,,100,22.5940341,88.362514
Tangerine,https://www.zomato.com/kolkata/tangerine-theatre-road,"Chinese, Asian, Seafood, Shake","Theatre Road, Kolkata",Opens at 12noon,"2/1, Outram Street, Theatre Road Area, Theatre Road, Kolkata",918032000000,1,1,1,0,3.9,320,3.9,148,Seafood at it's best!!,,"View, Environment, Perfect Place, Main Course, Good Service, Decor",1500,22.5442409,88.3592663
K19 All Day Dining -â€‹ The Claridale Kolkata,https://www.zomato.com/kolkata/k19-all-day-dining-the-claridale-kolkata-ballygunge,"Italian, North Indian, Oriental, Bengali, Beverages","Ballygunge, Kolkata",Opens at 7am,"17, Garcha Road, Ballygunge, Kolkata",918336000000,1,1,1,0,3.6,460,-,2,,"Tandoori Mushrooms, Sunday Brunch, Buffet, Salads, Noodle, Pasta","Sophisticated, Worth the Price, Live Kitchen, Courteous Service, Soothing Ambience, Bar Counter",2500,22.5280337,88.3659084
The Coffee Bean & Tea Leaf,https://www.zomato.com/kolkata/the-coffee-bean-tea-leaf-ballygunge,"Cafe, Sandwich, Fast Food","Quest Mall, Ballygunge, Kolkata",Opens at 10am,"33, 2nd Floor, Quest Mall, Syed Ali Amir Avenue, Ballygunge, Kolkata",918017000000,1,1,1,0,4.1,612,4.1,404,,"Chocolate Pie, Pesto Spaghetti, Caramel Latte, Iced Mocha, Cappuccino, Omelette","Romantic Seating, Great Ambiance, Cozy, Server, Atmosphere, Seating Arrangement",600,22.539025350000003,88.36570191241475
Ong Bong Chong,https://www.zomato.com/kolkata/ong-bong-chong-gariahat,"Bengali, North Indian, Fast Food, Kebab","Gariahat, Kolkata",Opens at 11am,"37/1, Purna Das Road, Near Triangular Park, Gariahat, Kolkata",918811000000,1,1,0,0,-,0,4.2,1518,,"Mutton Kosha, Combo Meals, Pulao, Roll, Fish","Tamper Proof Packaging, Combo, Awesome Food, Good Food, Quality, Menu",250,22.5196384,88.3656241
Mr.Burger,https://www.zomato.com/kolkata/mr-burger-shyam-bazar,"Burger, Sandwich, Fast Food","Shyam Bazar, Kolkata",Opens at 10am,"32, Bhupen Bose Avenue, Shyam Bazar, Kolkata",913325000000,1,1,1,0,4,406,2.9,86,,"White Sauce Pasta, Milkshake, Chicken Burger, Burgers, Virgin Mojito, Oreo Shake","Casual Seating Area, Good Crowd, Friendly Service, Cozy, Good Ambience, Courteous Staff",400,22.5979916,88.3694857
China Gardens,https://www.zomato.com/kolkata/china-gardens-tangra,"Chinese, Seafood, Beverages","Tangra, Kolkata",Opens at 12noon,"51/1, Matheswartala Road, Tangra, Kolkata",917595000000,1,1,1,0,2.9,215,3.9,117,,,"Interior, Reasonable Price, Nice Place, Prices, Main Course, Good Place",600,22.5565107,88.3795946
Oasis,https://www.zomato.com/kolkata/oasis-park-street-area,"Chinese, North Indian, Continental, Beverages","Park Street Area, Kolkata",Opens at 11am,"33, Park Street, Park Street Area, Kolkata",913322000000,1,1,1,0,4.1,951,4.3,336,,"Chicken Tetrazzini, Sizzlers, Grilled Fish, Cocktail, Kababs, Beer","Host, Cozy Ambience, Warm Welcome, Reasonable Rate, Decent Place, Good Quality Food",900,52.0855618,-0.7272059
China Pearl,https://www.zomato.com/kolkata/china-pearl-tangra,Chinese,"Tangra, Kolkata",Opens at 11am,"55, Matheswartala Road, Tangra, Kolkata",919832000000,1,1,1,0,3.4,129,3.6,136,,,"Ambiance, Main Course, Nice Place, Good Place, Good Food, Prices",600,22.5565107,88.3795946
La Cioccolata - The Choco Studio,https://www.zomato.com/kolkata/la-cioccolata-the-choco-studio-ballygunge,"Bakery, Desserts","Ballygunge, Kolkata",Opens at 10am,"21, Rajat Gardens, Ballygunge Park, Ballygunge, Kolkata",919883000000,1,1,0,0,-,0,3.6,30,,,,100,22.5280337,88.3659084
Hotel Sawood International,https://www.zomato.com/kolkata/hotel-sawood-international-topsia,"North Indian, Biryani, Chinese","Topsia, Kolkata",24 Hours (Today),"9/1, Topsia Road Bypass, Near Ford Showroom, Topsia, Kolkata",918585000000,1,1,1,0,3.5,28,3.8,116,,,,600,22.5418017,88.3869552
Food Point,https://www.zomato.com/kolkata/food-point-tollygunge,"Chinese, North Indian","Tollygunge, Kolkata",12noon â€“ 5am (Today),"49, Purna Chandra Mitra Lane, Tollygunge, Kolkata",919874000000,1,1,1,0,3.6,14,4,24,,,,400,22.498636,88.3453908
Royce' Chocolate,https://www.zomato.com/kolkata/royce-chocolate-1-ballygunge,Desserts,"Quest Mall, Ballygunge, Kolkata",Opens at 11am,"33, Ground Floor, Quest Mall, Syed Amir Ali Avenue, Beck Bagan, Ballygunge, Kolkata",913340000000,1,1,0,0,-,0,4.3,83,,,"Extensive Menu, Cute Packaging, Timely Service, Delicious Food",400,22.539025350000003,88.36570191241475
Frosted Summer,https://www.zomato.com/kolkata/frosted-summer-jadavpur,"Fast Food, Beverages, Chinese, Bengali, North Indian","Jadavpur, Kolkata",11am â€“ 2:30am (Today),"3/54 B, Bijoygarh, Jadavpur, Kolkata",918961000000,1,1,1,0,3.3,14,3.3,165,,,,250,22.495499,88.3709006
Cafe Coffee O Kobita,https://www.zomato.com/kolkata/cafe-coffee-o-kobita-shyam-bazar,"Sandwich, Burger, Continental, Fast Food, Desserts, Beverages","Shyam Bazar, Kolkata",Opens at 11am,"32, Bhupen Bose Avenue, Shyam Bazar, Kolkata",919830000000,1,1,1,0,4.2,1195,4,67,,"Ice Cream Strawberry, Grilled Chicken Platter, Chocolate Milkshake, Lasagne, Chicken Drumstick, Platters","The Service and the Food, Awesome Cafe, Quaint Little Place, Affordable, Cozy Ambience, Beautiful Decor",550,22.5979916,88.3694857
Empire Restaurant & Bar,https://www.zomato.com/kolkata/empire-restaurant-bar-taltala,Chinese,"Taltala, Kolkata",Opens at 11:30am,"52, Lenin Sarani, Janbazar, Taltala, Kolkata",913365000000,1,1,1,0,3.2,22,-,4,,,,800,22.474209950000002,88.35512632362978
Cave Cafe & Lounge,https://www.zomato.com/kolkata/cave-cafe-lounge-girish-park,"Fast Food, Chinese, Beverages","Girish Park, Kolkata",,"238, Chittaranjan Avenue, Girish Park, Kolkata",916290000000,1,1,1,0,3,39,-,7,,,,600,22.5871445,88.3629415
Purbani Restaurant,https://www.zomato.com/kolkata/purbani-restaurant-gariahat,"North Indian, Mughlai, Chinese","Gariahat, Kolkata",Opens at 12noon,"210/1A & B, Rashbihari Avenue, Gariahat, Kolkata",919883000000,1,1,1,0,2.4,29,3.9,55,,,,500,22.5196384,88.3656241
TGI Fridays,https://www.zomato.com/kolkata/tgi-fridays-elgin,"Mexican, American, Desserts, Beverages, Seafood","Elgin, Kolkata",Opens at 12noon,"10/3, 2nd Floor, Forum Courtyard, Lala Rajpat Rai Sarani, Elgin, Kolkata",913341000000,1,1,1,0,4.3,2663,4,593,,"Buff Steak, Meat Lovers Pizza, Sizzle Dazzle Brownie, Chicken Cheese Ball, Strawberry Lemonade, Chicken Quesadilla","Happy Hour Offers, Unlimited Refills, Good Offers, Serving Size, Bartender, Cordial Staff",1800,22.537374800000002,88.34756170104649
Lord Fast Food Center,https://www.zomato.com/kolkata/lord-fast-food-center-maniktala,"Chinese, North Indian, Rolls","Maniktala, Kolkata",Opens at 12noon,"19A/H/2, Goabagan Lane, Maniktala, Kolkata",913365000000,1,1,0,0,3.7,84,-,7,,,"Bang for the Buck, Economical, Polite Staff, Quantity, Food",400,22.5880896,88.3852834
Ekdalia Rd.,https://www.zomato.com/kolkata/ekdalia-rd-hindustan-park,"Continental, American, Asian, Italian","Hindustan Park, Kolkata",Opens at 12noon,"121/2, Dr Meghnad Saha Sarani Ward 86, Kolkata, Borough-VIII, Hindustan Park, Kolkata",916291000000,1,1,1,0,4.1,289,3.6,409,,"Potato Wedges, Buffet, Lamb, Juice, Brownie, Chicken Wings","Classy Ambience, Warm Hospitality, Pocket Friendly, Cozy Place, Breakfast, Friendly Staff",900,22.5177017,88.3632073
Ice-O-Metry,https://www.zomato.com/kolkata/ice-o-metry-paddapukur,Desserts,"Paddapukur, Kolkata",Opens at 12noon,"52A, Sarat Bose Road, Paddapukur, Kolkata",919008000000,1,1,1,0,4.4,536,4,20,,"Candy Floss, Waffle Cone, Icecream, Sundae, Brownies, Ice Cream","Presentation of Food is Good, Innovative Cakes, Great Fragrance, Bank for the Buck, Totally Worth it, Staff very Polite",250,22.50502445,88.30295777651463
N.J. Nagpal Desserts,https://www.zomato.com/kolkata/n-j-nagpal-desserts-behala,"Bakery, Desserts","Behala, Kolkata",,"Joy Krishna Paul Road, Behala, Kolkata",919332000000,1,0,0,0,-,0,4.2,294,,,,150,22.501572,88.3209435
Delicious Dezires,https://www.zomato.com/kolkata/delicious-dezires-maniktala,Bakery,"Maniktala, Kolkata",,"41B, Vinayak Garden, Sahitya Parishad, Simla Road, Maniktala, Kolkata",919124000000,1,0,0,1,-,0,3.9,121,,,,200,22.5880896,88.3852834
Cin Shing Chinese Restaurant,https://www.zomato.com/kolkata/cin-shing-chinese-restaurant-tangra,Chinese,"Tangra, Kolkata",Opens at 12noon,"119/a/1, Matheswartola Road, Ward No 66, Tangra, Kolkata",919163000000,1,1,1,0,3.1,10,-,2,,,,500,22.5565107,88.3795946
Puffs N Bites,https://www.zomato.com/kolkata/puffs-n-bites-theatre-road,"Continental, Chinese, North Indian","Theatre Road, Kolkata",10am â€“ 2am (Today),"6, 1st Floor, Picasso Bithi, Ward 63, Theatre Road, Kolkata",918101000000,1,0,1,0,3.9,372,3.8,287,,"Shisha, Pasta, French Fries, Drinks","Private Dining Area, Inexpensive, Sheesha, Relaxed Atmosphere, Food Menu, Hookah",1000,22.5442409,88.3592663
Masala Wok Bar+Kitchen,https://www.zomato.com/kolkata/masala-wok-bar-kitchen-chandni-chowk,"Chinese, North Indian, Beverages","Chandni Chowk, Kolkata",Opens at 1pm,"76, 1st Floor, Hind Cinema, Ganesh Chandra Avenue, Chandni Chowk, Kolkata",919831000000,1,1,1,0,4.1,353,4,239,,"Pahari Chicken, Drum Sticks, Chilli Garlic Noodles, Kung Pao Chicken, Cocktails, Dessert","Friendly Service, Family Place, Cozy Place, Chinese, Nice Ambience, Courteous Staff",1000,22.5640235,88.3608177
Kaos,https://www.zomato.com/kolkata/kaos-theatre-road,"Desserts, Bakery","Theatre Road, Kolkata",Opens at 11am,"Shakespeare Sarani, Theatre Road, Kolkata",919831000000,1,1,0,0,-,0,3.2,192,,,,100,22.5442409,88.3592663
Sai Cafe,https://www.zomato.com/kolkata/sai-cafe-hazra,South Indian,"Hazra, Kolkata",Opens at 8:30am,"42B, Jatin Das Road, Hazra, Kolkata",913341000000,1,1,0,1,-,0,3.4,72,,,,100,22.5227232,88.3499241
Aalishan Restaurant,https://www.zomato.com/kolkata/aalishan-restaurant-esplanade,"Kebab, North Indian, Bengali","Esplanade, Kolkata",,"38, Bentinck Street, Near Paradise Cinema, Esplanade, Kolkata",913323000000,1,1,1,0,3.1,104,4,361,,,"Tasty, Ambiance, Prices, Quantity, Staff, Food",600,22.563292,88.3503566
Corner Cafe,https://www.zomato.com/kolkata/corner-cafe-elgin,"Fast Food, Beverages, Pizza, Desserts, Sandwich, Shake","Elgin, Kolkata",Opens at 9am,"236, A.J.C. Bose Road, Elgin, Kolkata",913323000000,1,1,0,1,-,0,3.5,728,"Its just around the ""corner"" for a quick bite",,,150,22.537374800000002,88.34756170104649
Kim Ling,https://www.zomato.com/kolkata/kim-ling-tangra,"Asian, Chinese","Tangra, Kolkata",Opens at 12noon,"13, South Tangra Road, Tangra, Kolkata",913323000000,1,1,1,0,4.1,1003,3.7,21,Lip smacking Chinese dishes from the legendary Chinese part of the town,"Crab Claws, Chicken Honey, Chilli Garlic Pepper Chicken, Jumbo Prawns, Fried Prawns, Cantonese Noodles","Relaxed Atmosphere, Chinese, Decent Place, Family Crowd, Main Course, Good Quantity",900,22.5565107,88.3795946
Mezze,https://www.zomato.com/kolkata/mezze-ballygunge,"Mediterranean, Fast Food, Rolls, Pasta","Quest Mall, Ballygunge, Kolkata",Opens at 11:30am,"33, Floor 4, Quest Mall, Syed Ali Amir Avenue, Ballygunge, Kolkata",919073000000,1,1,0,0,3,224,4.2,347,,"Mezze Platter, Falafel, Hummus, Pasta, French Fries, Meat","Menu, Service, Food, Staff",600,22.539025350000003,88.36570191241475
Tyre Patty,https://www.zomato.com/kolkata/tyre-patty-elgin,"Cafe, Continental, Italian, Beverages","Elgin, Kolkata",7:30am â€“ 2:30am (Today),"Ground Floor, 26, Lee Road, Lee Commerce, Elgin, Kolkata",919675000000,1,1,1,0,4.1,1231,3.2,190,Varieties of Hookah!!,"Cheese Fondue, Shisha, Mixed Sauce Pasta, Nachos, Mojito, Garlic Bread","Romantic Seating, Hookah Lovers, Fun Place, Sheesha, Sofa, Excellent Ambience",850,22.537374800000002,88.34756170104649
Chill Maar,https://www.zomato.com/kolkata/chill-maar-elgin,"Cafe, Italian, Continental, Beverages","Elgin, Kolkata",Opens at 11am,"Ground Floor, 6G, Elgin Road, Near Bhowanipore Education Society College, Elgin, Kolkata",919875000000,1,1,1,0,3.9,368,3.5,16,,"Chicken Macaroni, Deluxe Veggie Pizza, Kit Kat Shake, Shakes, Garlic Bread, Pasta","Peaceful Ambience, Good Environment, Good Atmosphere, Hookahs, Affordable, Good Value",400,22.537374800000002,88.34756170104649
Fresh-N-Up,https://www.zomato.com/kolkata/fresh-n-up-golpark,"Chinese, North Indian, Seafood","Golpark, Kolkata",Opens at 1pm,"56, Ballygunge Gardens, Golpark, Kolkata",919831000000,1,1,1,0,3.5,113,4.2,427,,"Chicken Fried Rice, Chowmein, Momos, Noodles","Portion Size, Reasonable Price, Quality, Food, Service",500,22.513432100000003,88.40174450550997
Cha Bar,https://www.zomato.com/kolkata/cha-bar-park-street-area,"Cafe, Italian, Chinese, Tea, Beverages","Park Street Area, Kolkata",Opens at 11am,"17, Oxford Book Store, Park Street Area, Kolkata",917439000000,1,1,1,0,4.1,987,-,7,"Sitting nicely inside Kolkata's famous bookstore, the place invites to enjoy a cup of tea with one's favorite read.","Walnut Cake, Jasmine Tea, Fish and Chips, Quiche, Chocolate Truffle, Hot Coffee","Bookshelf, Perfect Setting, Calm, Wonderful Place, Lovely Place, Reasonable Rates",700,52.0855618,-0.7272059
Jeera Kitchen,https://www.zomato.com/kolkata/jeera-kitchen-prince-anwar-shah-road,North Indian,"Prince Anwar Shah Road, Kolkata",,"188/95, Prince Anwar Shah Road, Kolkata",917440000000,1,0,0,0,-,0,-,0,,,,150,22.502181,88.3625686
Eddy's Kitchen,https://www.zomato.com/kolkata/eddys-kitchen-ballygunge,"North Indian, Chinese, Continental, Mughlai, Italian, Sandwich, Momos, Biryani","Ballygunge, Kolkata",12noon â€“ 2am (Today),"54/4D, Ground Floor, Hazra Road, Ward 86, Ballygunge, Kolkata",918100000000,1,1,1,0,-,0,-,0,,,"Best in Service, Fair Prices, Excellent Food Quality, Delicious Taste, Fresh Food with Good Quality, Perfect Presentation",600,22.5280337,88.3659084
Moulin Rouge,https://www.zomato.com/kolkata/moulin-rouge-park-street-area,"North Indian, Finger Food, Chinese","Park Street Area, Kolkata",Opens at 12noon,"31, Park Street Area, Kolkata",913322000000,1,1,1,0,3.8,1050,3.9,197,,"Fish Platter, Roasted Duck, Chicken Tetrazzini, Prawn Cocktail, Chicken Ala Kiev, Baked Fish","Kid Friendly, Vintage Decor, Live Music, Waiter, Chinese, Decent Place",850,52.0855618,-0.7272059
Hongkong Bistro,https://www.zomato.com/kolkata/hongkong-bistro-hindustan-park,Chinese,"Hindustan Park, Kolkata",Opens at 12noon,"70B, Purna Das Road, Hindustan Park, Kolkata",913340000000,1,1,1,0,3.9,333,4.1,918,,"Triple Schezwan Rice, Fried Rice Chicken, Chicken Hakka Noodles, Pepper Chicken, Garlic Chicken, Prawns","Pocket Friendly Restaurant, Cleanliness, Great Value, Servings, Decoration, Behavior",1100,22.5177017,88.3632073
The Biryani Chapter,https://www.zomato.com/kolkata/the-biryani-chapter-ballygunge,"North Indian, Rolls, Biryani","Ballygunge, Kolkata","12midnight â€“ 2am, 12noon â€“ 12midnight (Today)","54/4D, Ground Floor, Hazra Road, Ballygunge, Kolkata",918100000000,1,1,1,0,-,0,-,0,,,,500,22.5280337,88.3659084
The Chaa Khanaa,https://www.zomato.com/kolkata/the-chaa-khanaa-1-picnic-garden,"Chinese, Kebab, Sandwich, Fast Food","Picnic Garden, Kolkata","12:23am â€“ 4am, 11am â€“ 11pm (Today)","36/24, Chandra Nath Roy Road, KMC Ward 066, Picnic Garden, Kolkata",918128000000,1,1,0,0,-,0,-,0,,,,100,22.5259951,88.3892586
Eighty Eight Plus Cafe,https://www.zomato.com/kolkata/eighty-eight-plus-cafe-elgin,"Cafe, Fast Food, Chinese, Ice Cream, Shake","Elgin, Kolkata",Opens at 8am,"88, Ground Floor, HDFC Bank Building, Chowringhee Road, Near PC Chandra, Elgin, Kolkata",918420000000,1,1,1,0,3.6,336,3.1,53,,"Kit Kat Shake, Mixed Sauce Pasta, Chilli Garlic Noodles, Pasta, Pizza","Couple Friendly, Sheesha, Hookah, Cozy, Fancy Crowd, Packed on Weekends",800,22.537374800000002,88.34756170104649
Biryani Tales,https://www.zomato.com/kolkata/biryani-tales-prince-anwar-shah-road,"Biryani, North Indian, Mughlai, Kebab","Prince Anwar Shah Road, Kolkata",,"51/5 B, Prince Golam Mohammad Shah Road, Jadavpur, Near Prince Anwar Shah Road, Kolkata",916290000000,1,0,0,0,-,0,-,0,,,,200,22.502181,88.3625686
Firehouse Pizza,https://www.zomato.com/kolkata/firehouse-pizza-college-street,Pizza,"College Street, Kolkata",,"41/A, Rabindra Sarani, College Street, Kolkata",916289000000,1,0,0,0,-,0,-,0,,,"Worth the Money, Great Portions, Timely Service, Delicious Food",200,22.5671979,88.3601304
College Street Kitchen,https://www.zomato.com/kolkata/college-street-kitchen-college-street,"Chinese, North Indian, Mughlai","College Street, Kolkata",Opens at 11am,"52/1/1A, College Street, Kolkata",919876000000,1,1,1,0,-,0,-,1,,,,400,22.5671979,88.3601304
Eat Out,https://www.zomato.com/kolkata/eat-out-picnic-garden,"Chinese, North Indian, Rolls","Picnic Garden, Kolkata",Opens at 11am,"10/3, C N Roy Road, Picnic Garden, Kolkata",919832000000,1,1,1,0,3.3,21,4,814,,,,300,22.5259951,88.3892586
Potboiler Coffee House,https://www.zomato.com/kolkata/potboiler-coffee-house-hindustan-park,"Cafe, Continental, Fast Food, Desserts, Beverages, Coffee","Hindustan Park, Kolkata",Opens tomorrow at 11am,"468A, Hemanta Mukhopadhyay Sarani, Borough 8, Kolkata Municipal Corporation, Hindustan Park, Kolkata",913336000000,1,1,1,0,4,351,4,40,,"Pancake, Latte, Coffees, Hot Chocolate, Cheesecake, Eggs","Books Books and Books, Ambience was Lovely, Good Food and Good Ambience, Bookshelf, Pretty Decor, Outdoor Seating",950,22.5177017,88.3632073
Indigo Delicatessen,https://www.zomato.com/kolkata/indigo-delicatessen-park-circus-area,"European, Continental, American, Beverages, Desserts","Quest Mall, Ballygunge, Kolkata",Opens at 12noon,"33, 5th Floor, Syed Amir Ali Avenue, Park Circus, Quest Mall, Park Circus Area, Kolkata",080 47483182,1,1,1,0,4,223,4.2,61,,,"Fusion Menu, Food Prep Time, Vibe, Fair Prices, Atmosphere, Weekend Brunch",1400,22.539025350000003,88.36570191241475
Nigar's Kitchen,https://www.zomato.com/kolkata/nigars-kitchen-picnic-garden,"North Indian, Chinese, Rolls, Fast Food, Mughlai, Desserts","Picnic Garden, Kolkata",Opens at 11am,"16F/1A, Chandra Nath Roy Road, Ward 66, Picnic Garden, Kolkata",916292000000,1,1,0,0,-,0,4,1646,,,"Customizable Food, Delicious Food, Great Portions, Fresh Food, Good Quality, Price",100,22.5259951,88.3892586
The Burning Coal,https://www.zomato.com/kolkata/the-burning-coal-1-hindustan-park,"Chinese, Fast Food, Beverages, Desserts","Hindustan Park, Kolkata",Opens at 11am,"37/1, Triangular Park, Lake Terrace, Hindustan Park, Kolkata",919832000000,1,1,1,0,3.8,92,-,20,,,"Sheesha, Weekend Brunch, Hookah, Good Wifi, Best Food under Best Budget, Young Crowd",800,22.5177017,88.3632073
Riyasat-E-Hind,https://www.zomato.com/kolkata/riyasat-e-hind-ballygunge,"Chinese, North Indian, Mughlai, Kebab, Biryani, Desserts, Beverages","Ballygunge, Kolkata",Opens at 12noon,"51, Ground Floor, Syed Amir Ali Avenue, Ballygunge, Kolkata",919831000000,1,1,1,0,4.3,564,3.8,618,,"Crispy Spinach Chicken, Murg Malai, Butter Chicken, Dal Makhani, Butter Naan, Virgin Mojito","Glass House, Reasonably Priced Food, Food Quantity Amazing, Courteous Staff and Service, Location of the Restaurant, Decor was Nice",1000,22.5280337,88.3659084
Asian Deli,https://www.zomato.com/kolkata/asian-deli-topsia,"Chinese, Asian, Oriental","Topsia, Kolkata",,"139/1G, Tiljala Road, Near OYO Townhouse 229, Topsia, Kolkata",919331000000,1,0,0,0,-,0,3.9,103,,,,250,22.5418017,88.3869552
Billions,https://www.zomato.com/kolkata/billions-topsia,"Asian, Continental, North Indian","Topsia, Kolkata",Opens at 12noon,"83, 1st Floor, Trinity Tower, Topsia, Kolkata",919051000000,1,1,1,0,4,116,-,21,,"Shisha, Cheesecake, Drinks, Pizza","Hookah Lovers, Best in Service, Best Staff, Served Quickly, Good Music, Delicious Taste",1400,22.5418017,88.3869552
Mozaik Restaurant,https://www.zomato.com/kolkata/mozaik-restaurant-minto-park,"North Indian, Chinese, Continental","Minto Park, Kolkata",Opens at 12noon,"6, Circular Road, Minto Park, Kolkata",917440000000,1,1,1,0,4,185,4.2,239,,"Stuffed Mushrooms, Mutton Biryani, Pizzas, Chicken Biryani, Naan, Mocktails","Good Service Staff, Very Affordable, Food Tastes Great, Fantastic Decoration, Comforting Atmosphere, Clean and Hygienic Place",600,22.541947399999998,88.35471347839723
Cake Wizard,https://www.zomato.com/kolkata/cake-wizard-kasba,Bakery,"Kasba, Kolkata",Opens at 9:30am,"911, Block - F kol -39, Tagore Park, Red color house, Near Gupta Motors, Kasba, Kolkata",919434000000,1,1,0,0,-,0,-,7,,,,100,22.5044355,88.3721663
Trapeze,https://www.zomato.com/kolkata/trapeze-1-park-street-area,"Asian, Fast Food, North Indian, Beverages","Park Street Area, Kolkata",Opens at 12noon,"31, 1st And 2nd Floor, Chowringhee Road, Park Street Area, Kolkata",913380000000,1,1,1,0,4.2,626,3.8,50,,"Dimsums, Cocktails, Paneer Tikka, Pork, Dessert, Drink","Ambience is Delightful, Humble Staff, Cooperative Staff, Sanitised Service, Fantastic Decoration, Hookahs",1400,52.0855618,-0.7272059
De Bakkeriz,https://www.zomato.com/kolkata/de-bakkeriz-behala,"Bakery, Desserts","Behala, Kolkata",Opens at 9am,"13, Sadhan Hari Mukherjee Road, James Long Sarani, Bhairabitala, Indrajit Pally, Behala, Kolkata",916290000000,1,1,0,0,-,0,-,5,,,,50,22.501572,88.3209435
Quick Noodle,https://www.zomato.com/kolkata/quick-noodle-sector-1-salt-lake,Chinese,"Sector 1, Salt Lake, Kolkata",,"AB 79, PNB More, Sector 1, Salt Lake, Kolkata",918100000000,1,0,0,0,-,0,-,0,,,,200,22.57002545,88.43478465637821
Ekdalia Cocina,https://www.zomato.com/kolkata/ekdalia-cocina-3-gariahat,"Continental, Chinese, Fast Food, South Indian, Desserts, Beverages","Gariahat, Kolkata",Opens at 11am,"68, Ground Floor, 14 PC Sarkar Sarani, Gariahat, Kolkata",918241000000,1,1,1,0,3.8,101,4,35,,"Chicken Tempura, Chicken Ala Keiv, Pancakes, Bacon, Buffet, Brownie","Quick Serving, Good Hospitality, Excellent Location, Wonderful Place, Very Affordable, Nice Concept",800,22.5196384,88.3656241
Wokies,https://www.zomato.com/kolkata/wokies-kalighat,"Asian, Chinese, Beverages","Kalighat, Kolkata",Opens at 12noon,"6, Ward 87, Sarat Chatterjee Avenue, Borough, Kalighat, Kolkata",919434000000,1,1,1,0,3.9,285,4.1,84,,"Hot Chocolate Roll, Turkish Coffee, Fried Icecream, Chicken Momos, Starters, Dessert","Interior is Pretty, Outside Seating, Economical Price, Cashless Payments, Design, Ambience was Super Cool",500,22.5153313,88.3477052
La Macario Cafe,https://www.zomato.com/kolkata/la-macario-cafe-theatre-road,"Cafe, Fast Food, Beverages, Asian","Theatre Road, Kolkata",Opens at 11:30am,"1st Floor, 10, Dr.Martin Luther King Sarani, Wood Street, Theatre Road, Kolkata",917439000000,1,1,1,0,3.8,99,3.8,68,,,"Great Food Great Service, Good Vibes, Variety of Pizza, Host, Ambience was Super Cool, Student Crowd",1100,22.5442409,88.3592663
Homemade Kitchen Items,https://www.zomato.com/kolkata/homemade-kitchen-items-picnic-garden,"Bengali, North Indian, Biryani","Picnic Garden, Kolkata",,"3B/C, 1392/A, Nature Nest, Picnic Garden, Kolkata",919932000000,1,0,0,0,-,0,4,59,,,,150,22.5259951,88.3892586
Happy Hour,https://www.zomato.com/kolkata/happy-hour-ballygunge,"Fast Food, North Indian, Kebab, Beverages","Ballygunge, Kolkata",12noon â€“ 2am (Today),"63 C, Ward 68, Near 127, Ballygunge, Kolkata",918420000000,1,1,0,0,-,0,3.5,40,,,,250,22.5280337,88.3659084
Koyla Cafe Lounge,https://www.zomato.com/kolkata/koyla-cafe-lounge-ballygunge,"Cafe, Chinese, Beverages, Continental, Italian","Ballygunge, Kolkata",11am â€“ 2am (Today),"70, 3rd Floor, Beck Bagan Row, Opposite Quest Mall Gate 5, Ballygunge, Kolkata",919830000000,1,1,1,0,3.9,95,-,6,,,"Variety of Pizza, Good Wifi, Weekend Brunch, Good Music, Theme, Student Crowd",900,22.5280337,88.3659084
Double Down,https://www.zomato.com/kolkata/double-down-elgin,"Thai, Chinese, Fast Food, Continental, Beverages","Elgin, Kolkata",Opens at 12noon,"11/1, Sarat Bose Road, Elgin, Kolkata",913341000000,1,1,1,0,4.3,450,4,15,,"Dragon Rolls, Lamb Shank, Cocktail, Buffet, Cheesecake, Beer","Pocket Friendly Options, Buffet Variety and Quality, Crew, Good Menu, Live Band, Customizable Dishes",2000,22.537374800000002,88.34756170104649
Bedouin Restaurant,https://www.zomato.com/kolkata/bedouin-restaurant-2-gariahat,"Rolls, Bengali, Chinese","Gariahat, Kolkata",,"47B, 1st Floor, Leela Roy Sarani, Near Gariahat, Kolkata",916289000000,1,0,0,0,-,0,-,12,,,,150,22.5196384,88.3656241
Hammer,https://www.zomato.com/kolkata/hammer-park-street-area,"Continental, Mexican, North Indian, Beverages","Park Street Area, Kolkata",Opens at 12noon,"20G, 6th Floor, Near Loreto House, Park Street Area, Kolkata",917439000000,1,1,1,0,4,480,-,10,,"Cocktail, Sweet Corn Soup, Cheesecake, Desserts, Momos","Good Food and Good Ambience, Staff very Polite, Rooftop Ambience, New Look, Music and Ambience, Variety of Pizza",1800,52.0855618,-0.7272059
Malhotra Snax Corner,https://www.zomato.com/kolkata/malhotra-snax-corner-topsia,"Chinese, Fast Food, North Indian","Topsia, Kolkata",Opens at 8:30am,"48, Kustia Road, Topsia, Kolkata",917003000000,1,1,0,0,-,0,-,5,,,,400,22.5418017,88.3869552
Red Dragon Food Court,https://www.zomato.com/kolkata/red-dragon-food-court-tangra,"Chinese, Seafood","Tangra, Kolkata",Opens at 12noon,"47, Matheswartola Road, Tangra, Kolkata",919748000000,1,1,1,0,3.3,5,-,13,,,,500,22.5565107,88.3795946
Cafe 1A,https://www.zomato.com/kolkata/cafe-1a-golpark,"Continental, Chinese, Beverages","Golpark, Kolkata",Opens at 9:30am,"1 A, Southend Park, Golpark, Kolkata",919831000000,1,1,0,0,3.7,39,-,13,,,"Weekend Brunch, Student Crowd, Young Crowd, Customizable Food, Portion Size, Elaborate Menu",450,22.513432100000003,88.40174450550997
18 Carrot,https://www.zomato.com/kolkata/18-carrot-tollygunge,Chinese,"Tollygunge, Kolkata",,"516/4, Ground floor, B.L Saha Road, Tollygunge, Kolkata",919331000000,1,1,1,0,3.3,20,-,5,,,,300,22.498636,88.3453908
Gocandy,https://www.zomato.com/kolkata/gocandy-ballygunge,Desserts,"Quest Mall, Ballygunge, Kolkata",Opens at 11am,"33, Basement 2, Quest Mall, Syed Amir Ali Avenue, Ballygunge, Kolkata",919331000000,1,1,0,0,-,0,-,8,,,,200,22.539025350000003,88.36570191241475
OMO Bistro & Enoteca,https://www.zomato.com/kolkata/omo-bistro-enoteca-lake-market-area,"Fast Food, Italian","Lake Market Area, Kolkata",Opens at 9am,"91, Ground Floor, Manohar Pukur Road, Lake Market Area, Kolkata",919831000000,1,1,1,0,3.9,90,3.6,22,,"Steak Sandwich, Cheesecake, Chips, Drinks","Jazz Music, Soft Music, Waiter, Best Food under Best Budget, Preparation, Fresh Food",750,22.51637855,88.34872333799815
The Mighty Slice,https://www.zomato.com/kolkata/the-mighty-slice-hindustan-park,"Cafe, Italian, Fast Food, Beverages, Desserts","Hindustan Park, Kolkata",,"P 464, Keyatala Road, Hindustan Park, Kolkata",916290000000,1,0,1,0,4.1,193,4.1,601,,"Pepperoni, Bacon, Pizzas, Cheesecake","Intimate Seating, Quaint Little Place, Hygienic, Soft Music, Yummy Food, Host",600,22.5177017,88.3632073
High Note Rooftop Sky Lounge,https://www.zomato.com/kolkata/high-note-rooftop-sky-lounge-minto-park,"Salad, Pizza, Burger, Sandwich, Fast Food, North Indian, Chinese, Beverages","Minto Park, Kolkata",Opens at 12noon,"6, Circular Road, Minto Park, Kolkata",917440000000,1,1,1,0,3.8,137,4,27,,,"Good Wifi, Best Food under Best Budget, Affordable Prices, Perfect Presentation, Contactless Delivery, Student Crowd",800,22.541947399999998,88.35471347839723
The Exclusive Cake Bakery,https://www.zomato.com/kolkata/the-exclusive-cake-bakery-kankurgachi,Bakery,"Kankurgachi, Kolkata",Opens at 8am,"6D, Surah Second Lane, Kankurgachi, Kolkata",919875000000,1,1,0,0,-,0,-,4,,,,200,22.578972450000002,88.39151741636809
SV'S Cafe,https://www.zomato.com/kolkata/svs-cafe-kasba,"Fast Food, Chinese, North Indian, Beverages","Kasba, Kolkata",Opens at 11am,"28/1C, Bosepukur Road, Near Kasba Police Station, Kasba, Kolkata",918337000000,1,1,1,0,3.7,10,4,37,,,"Spill Proof Packaging, Best Food under Best Budget, Extensive Menu, Timely Service, Awesome Food, Elaborate Menu",500,22.5044355,88.3721663
Sabka Club,https://www.zomato.com/kolkata/sabka-club-topsia,"North Indian, Continental, Chinese, Italian, Beverages","Topsia, Kolkata",Opens at 12noon,"86A, 6th Floor, Haute Street Corporate Park, Wing-B, Seal Lane, Topsia Road, Near Topsia, Kolkata",919903000000,1,1,1,0,4.3,1139,3.3,136,,"Mie Goreng, Corn Cheese Ball, Classic Chicken Burger, Bharwan Aloo, Spaghetti Aglio E Olio, Liit Cocktail","Pocket Friendly Options, Valet Parking, Attentive Staff, Romantic Place, Cozy Environment, Perfect Service",1600,22.5418017,88.3869552
Mintelaa Express,https://www.zomato.com/kolkata/mintelaa-express-minto-park,South Indian,"Minto Park, Kolkata",Opens at 6am,"2 B, Ground Floor, Gorkey Terrace, Minto Park, Kolkata",913346000000,1,1,1,0,-,0,-,5,,,,300,22.541947399999998,88.35471347839723
Calcutta Bungalow,https://www.zomato.com/kolkata/calcutta-bungalow-shyam-bazar,"Italian, Salad","Shyam Bazar, Kolkata",Opens at 12noon,"5, Radha Kanta, Jew Street, Fariapukur, Near Deshbandhu Park, Shyam Bazar, Kolkata",919830000000,1,1,1,0,3.6,15,-,7,,,"Fair Prices, Clean and Hygienic Place, Good Wifi, Decoration, Great Food, Customizable Food",1000,22.5979916,88.3694857
Bong & Bones,https://www.zomato.com/kolkata/bong-bones-shyam-bazar,"North Indian, Kebab, Biryani, Rolls","Shyam Bazar, Kolkata",,"224, Acharya Prafulla Chandra Road, Mohan Lal Street, Shyam Bazar, Kolkata",919830000000,1,0,0,0,-,0,3.6,36,,,,200,22.5979916,88.3694857
Parul Since 2018,https://www.zomato.com/kolkata/parul-since-2018-dum-dum,"Bakery, Desserts","Dum Dum, Kolkata",,"37K, Cossipore Road, Dum Dum, Kolkata",919831000000,1,0,0,0,-,0,3,16,,,,150,22.6211141,88.3928973
Hapus Hupus,https://www.zomato.com/kolkata/hapus-hupus-girish-park,"North Indian, Bengali","Girish Park, Kolkata",Opens at 11am,"48, Nimtola Ghat Street, Near Shobha Bazar, Girish Park, Kolkata",918241000000,1,1,0,0,-,0,3.9,260,,,,100,22.5871445,88.3629415
Cafe Offbeat - Up There,https://www.zomato.com/kolkata/cafe-offbeat-up-there-topsia,"Continental, North Indian, Asian, Thai","Topsia, Kolkata",Opens at 12noon,"36/F, Offbeat CCU, Topsia Road, Topsia, Kolkata",918335000000,1,1,1,0,4,344,4,29,,"Mocktail, Mushroom, Tea, Starters, Pizza","Best Sunset View, Music and Feel, Value of Money Food, Amazing Food at Amazing Price, Rooftop Place, Attentive Service",1500,22.5418017,88.3869552
Shahi Kitchen By Hotel Saad,https://www.zomato.com/kolkata/shahi-kitchen-by-hotel-saad-topsia,"Chinese, North Indian, Fast Food","Topsia, Kolkata",,"47/A/3/1, Tiljala Road, Topsia, Kolkata",918584000000,1,0,0,0,-,0,-,6,,,,200,22.5418017,88.3869552
Fast And Foodicious,https://www.zomato.com/kolkata/fast-and-foodicious-kasba,"North Indian, Chinese, Fast Food","Kasba, Kolkata","12:05am â€“ 3am, 8:31am â€“ 11:55pm (Today)","18/1/2, Bose Pukur, Prantik Pally, Kasba, Kolkata",918697000000,1,1,0,0,-,0,4.2,122,,,"Great Veg Options, Healthy and Delicious, Fresh Food with Good Quality, Mouth Watering Food, Contactless Delivery, Proper Packaging",150,22.5044355,88.3721663
